city,country,lat,lon,elevation_m,season_aegypti,season_albopictus,difference
Aba,Nigeria,5.1167,7.3667,60.0,12,12,0
Abeokuta,Nigeria,7.1608,3.3483,85.0,12,12,0
Abhepur,India,39.41,116.38,25.0,5,4,-1
Abidjan,Côte d’Ivoire,5.3364,-4.0267,41.0,12,12,0
Abomey-Calavi,Benin,6.4486,2.3556,13.0,12,12,0
Abu Dhabi,United Arab Emirates,24.4667,54.3667,3.0,10,5,-5
Abuja,Nigeria,9.0667,7.4833,484.0,9,8,-1
Abū Ţisht,Egypt,26.1204,32.0954,74.0,2,0,-2
Abū Ḩummuş,Egypt,31.0931,30.3142,4.0,8,4,-4
Acapulco de Juárez,Mexico,16.8636,-99.8825,19.0,12,12,0
Ad Dammām,Saudi Arabia,26.4333,50.1,9.0,4,1,-3
Adachi,Japan,35.7833,139.8,3.0,5,4,-1
Adana,Turkey,37.0,35.3213,35.0,6,4,-2
Addis Ababa,Ethiopia,9.03,38.74,2442.0,0,6,6
Adelaide,Australia,-34.9275,138.6,65.0,4,4,0
Aden,Yemen,12.8,45.0333,2.0,12,12,0
Agadir,Morocco,30.4214,-9.5831,63.0,7,5,-2
Agartala,India,23.8314,91.2869,15.0,11,10,-1
Agege,Nigeria,6.6219,3.3258,48.0,12,12,0
Aguascalientes,Mexico,21.876,-102.296,1867.0,5,7,2
Ahmedabad,India,23.0225,72.5714,51.0,9,7,-2
Ahvāz,Iran,31.3047,48.6783,18.0,3,0,-3
Ailan Mubage,China,43.908,81.2777,628.0,3,4,1
Ajmer,India,26.4499,74.6399,477.0,6,2,-4
Akron,United States,41.0798,-81.5219,291.0,3,4,1
Aksu,China,41.185,80.2904,1118.0,3,4,1
Akure,Nigeria,7.25,5.195,351.0,12,12,0
Al Başrah,Iraq,30.515,47.81,3.0,2,0,-2
Al Fashn,Egypt,28.8231,30.899,37.0,4,1,-3
Al Fayyūm,Egypt,29.3,30.8333,28.0,5,2,-3
Al Hufūf,Saudi Arabia,25.3608,49.5997,161.0,2,0,-2
Al Mafraq,Jordan,32.3399,36.2052,705.0,6,4,-2
Al Manşūrah,Egypt,31.05,31.3833,14.0,8,5,-3
Al Maḩallah al Kubrá,Egypt,30.9667,31.1667,9.0,8,5,-3
Al Mukallā,Yemen,14.5333,49.1333,27.0,12,12,0
Al Qaţīf,Saudi Arabia,26.5196,50.0115,5.0,4,1,-3
Al Ḩillah,Iraq,32.4833,44.4333,33.0,0,0,0
Al ‘Amārah,Iraq,31.8333,47.15,11.0,2,0,-2
Al ‘Ayn,United Arab Emirates,24.2075,55.7447,266.0,4,0,-4
Albany,United States,42.6664,-73.7987,75.0,3,4,1
Albuquerque,United States,35.1054,-106.6465,1518.0,3,3,0
Aleppo,Syria,36.2319,37.1681,378.0,5,2,-3
Alexandria,Egypt,31.1975,29.8925,8.0,7,4,-3
Algiers,Algeria,36.7325,3.0872,113.0,6,4,-2
Allentown,United States,40.5961,-75.4756,80.0,4,4,0
Almaty,Kazakhstan,43.24,76.915,821.0,0,3,3
Alīgarh,India,27.88,78.08,190.0,6,2,-4
Amman,Jordan,31.9497,35.9328,804.0,6,4,-2
Amritsar,India,31.64,74.86,230.0,6,2,-4
Amrāvati,India,20.9258,77.7647,346.0,8,8,0
Amsterdam,Netherlands,52.3728,4.8936,12.0,0,3,3
An Najaf,Iraq,32.029,44.3396,41.0,1,0,-1
An Nāşirīyah,Iraq,31.0439,46.2575,11.0,2,0,-2
Andijon,Uzbekistan,40.7833,72.3333,483.0,2,1,-1
Ankang,China,32.6854,109.029,272.0,5,4,-1
Ankara,Turkey,39.93,32.85,851.0,3,4,1
Anqing,China,30.5318,117.1153,12.0,6,4,-2
Anqiu,China,36.478,119.219,46.0,5,4,-1
Ansan,"Korea, South",37.3167,126.8333,11.0,4,3,-1
Anshan,China,41.108,122.994,53.0,4,4,0
Anshun,China,26.2531,105.9476,1378.0,5,5,0
Antalya,Turkey,36.8874,30.7075,44.0,5,2,-3
Antananarivo,Madagascar,-18.91,47.525,1278.0,7,9,2
Antipolo,Philippines,14.5842,121.1763,194.0,12,12,0
Antwerp,Belgium,51.2178,4.4003,12.0,1,3,2
Ar Ramādī,Iraq,33.4258,43.2992,52.0,2,0,-2
Ar Rayyān,Qatar,25.25,51.4,30.0,6,1,-5
Aracaju,Brazil,-10.9111,-37.0717,12.0,12,12,0
Ardabīl,Iran,38.2517,48.2975,1350.0,2,3,1
Arequipa,Peru,-16.3989,-71.5369,2350.0,0,0,0
Arusha,Tanzania,-3.3667,36.6833,1409.0,7,12,5
Arāk,Iran,34.0914,49.6933,1746.0,0,2,2
As Sulaymānīyah,Iraq,35.55,45.4333,818.0,1,1,0
Asaba,Nigeria,6.1833,6.7333,44.0,12,12,0
Ashgabat,Turkmenistan,37.9375,58.38,230.0,2,1,-1
Ashmūn,Egypt,30.2974,30.9764,20.0,8,5,-3
Asmara,Eritrea,15.3358,38.9411,2339.0,7,12,5
Astana,Kazakhstan,51.1472,71.4222,348.0,2,3,1
Athens,Greece,37.9842,23.7281,83.0,6,3,-3
Atlanta,United States,33.7628,-84.422,297.0,5,4,-1
Attadappa,India,11.8689,75.3555,12.0,12,12,0
Auckland,New Zealand,-36.8492,174.7653,44.0,3,4,1
Aurangābād,India,19.88,75.32,561.0,10,9,-1
Austin,United States,30.3005,-97.7522,194.0,7,5,-2
Awka,Nigeria,6.2069,7.0678,93.0,12,12,0
Aţ Ţā’if,Saudi Arabia,21.2667,40.4167,1669.0,5,7,2
Baardheere,Somalia,2.3447,42.2764,97.0,9,9,0
Bacolod,Philippines,10.6765,122.9509,11.0,12,12,0
Bacoor,Philippines,14.4624,120.9645,8.0,12,12,0
Bafoussam,Cameroon,5.4667,10.4167,1484.0,12,12,0
Bagam,Indonesia,1.13,104.0531,9.0,12,12,0
Baghdad,Iraq,33.3153,44.3661,36.0,1,0,-1
Bahawalpur,Pakistan,29.3956,71.6836,118.0,4,0,-4
Bahār,Iran,34.9078,48.4394,1723.0,0,2,2
Baicheng,China,23.903,106.619,137.0,7,7,0
Baidoa,Somalia,3.1167,43.65,446.0,12,10,-2
Baishan,China,41.944,126.4147,470.0,2,3,1
Baiyin,China,36.5451,104.1389,1724.0,3,4,1
Bakersfield,United States,35.3529,-119.0359,121.0,5,4,-1
Baku,Azerbaijan,40.3667,49.8352,7.0,4,4,0
Balashikha,Russia,55.8167,37.9667,150.0,1,3,2
Balikpapan,Indonesia,-1.2768,116.8277,9.0,12,12,0
Baltimore,United States,39.3051,-76.6144,34.0,4,4,0
Bamako,Mali,12.6458,-7.9922,329.0,7,8,1
Bamenda,Cameroon,5.9614,10.1517,1241.0,9,12,3
Bandar Lampung,Indonesia,-5.45,105.2667,8.0,12,12,0
Bandar ‘Abbās,Iran,27.1961,56.2878,8.0,6,1,-5
Bangalore,India,12.9789,77.5917,927.0,12,12,0
Bangkok,Thailand,13.7525,100.4942,12.0,12,12,0
Bangui,Central African Republic,4.3733,18.5628,355.0,12,12,0
Banjarmasin,Indonesia,-3.32,114.5925,4.0,12,12,0
Baoding,China,38.874,115.464,25.0,5,4,-1
Baojishi,China,34.363,107.238,568.0,3,4,1
Baoshan,China,25.112,99.161,1674.0,5,6,1
Baotou,China,40.6213,109.9532,1064.0,3,4,1
Barcelona,Spain,41.3833,2.1833,19.0,4,4,0
Barcelona,Venezuela,10.1403,-64.6833,6.0,12,12,0
Bareilly,India,28.3667,79.4306,177.0,6,2,-4
Barmhān Kalān,India,19.1972,72.9722,14.0,12,12,0
Barnaul,Russia,53.3486,83.7764,188.0,2,3,1
Barquisimeto,Venezuela,10.0636,-69.3347,589.0,12,12,0
Barranquilla,Colombia,10.9833,-74.8019,75.0,12,12,0
Batam Centre,Indonesia,1.1272,104.0556,17.0,12,12,0
Baton Rouge,United States,30.442,-91.1311,20.0,7,5,-2
Bauchi,Nigeria,10.5,10.0,557.0,8,9,1
Bazal’tove,Ukraine,50.6765,26.16,176.0,2,3,1
Bazhou,China,31.868,106.748,484.0,5,4,-1
Bağcılar,Turkey,41.0344,28.8564,91.0,4,4,0
Beihai,China,21.481,109.12,22.0,9,11,2
Beijing,China,39.9067,116.3975,50.0,5,4,-1
Beira,Mozambique,-19.8333,34.85,9.0,12,12,0
Beirut,Lebanon,33.8981,35.5058,20.0,6,4,-2
Bekasi,Indonesia,-6.2333,107.0,20.0,12,12,0
Belas,Angola,-8.9983,13.265,110.0,12,12,0
Belgrade,Serbia,44.8178,20.4569,127.0,3,4,1
Bello,Colombia,6.3333,-75.5667,1487.0,0,12,12
Belo Horizonte,Brazil,-19.9281,-43.9419,872.0,9,12,3
Belém,Brazil,-1.4558,-48.5039,15.0,12,12,0
Belāhi,India,26.4,86.25,62.0,9,4,-5
Bengbu,China,32.917,117.389,27.0,5,4,-1
Benghazi,Libya,32.1167,20.0667,2.0,7,4,-3
Benguela,Angola,-12.55,13.4167,0.0,12,12,0
Benin City,Nigeria,6.3333,5.6222,89.0,12,12,0
Benxi,China,41.3039,123.7649,145.0,3,4,1
Berlin,Germany,52.52,13.405,45.0,2,3,1
Bhayandar,India,19.29,72.85,-4.0,12,12,0
Bhilai,India,21.21,81.38,309.0,10,8,-2
Bhiwandi,India,19.2967,73.0631,15.0,12,12,0
Bhopāl,India,23.2599,77.4126,493.0,7,6,-1
Bhubaneshwar,India,20.27,85.84,49.0,12,12,0
Bhāngar,India,22.58,88.42,7.0,12,12,0
Bhāvnagar,India,21.76,72.15,30.0,12,12,0
Bhīlwāra,India,25.35,74.63,422.0,7,3,-4
Bihtā,India,25.5619,84.87,64.0,8,2,-6
Bijie,China,27.284,105.292,1496.0,3,4,1
Bilbao,Spain,43.2569,-2.9236,16.0,2,3,1
Bilāspur,India,22.09,82.15,262.0,9,8,-1
Binzhou,China,37.383,117.971,11.0,5,4,-1
Birmingham,United Kingdom,52.48,-1.9025,153.0,0,2,2
Birmingham,United States,33.5279,-86.7971,182.0,5,4,-1
Bishkek,Kyrgyzstan,42.8667,74.5667,760.0,0,3,3
Biên Hòa,Vietnam,10.95,106.8167,7.0,12,12,0
Blantyre,Malawi,-15.7861,35.0058,1049.0,10,12,2
Boankra,Ghana,6.6919,-1.4051,244.0,12,12,0
Bobo-Dioulasso,Burkina Faso,11.1833,-4.2833,420.0,7,7,0
Bogor,Indonesia,-6.5966,106.7972,263.0,12,12,0
Bogotá,Colombia,4.7111,-74.0722,2557.0,0,0,0
Bokaro Steel City,India,23.67,86.15,214.0,8,7,-1
Boosaaso,Somalia,11.28,49.18,12.0,8,8,0
Bordeaux,France,44.84,-0.58,21.0,3,4,1
Borvāyeh-ye Al Bū ‘Azīz,Iran,31.6283,48.6147,31.0,3,0,-3
Boston,United States,42.3188,-71.0852,26.0,3,3,0
Botou,China,38.0833,116.5833,16.0,5,4,-1
Bouaké,Côte d’Ivoire,7.6833,-5.0331,372.0,12,12,0
Bozhou,China,33.8463,115.7786,37.0,5,4,-1
Brampton,Canada,43.6833,-79.7667,222.0,2,3,1
Braunschweig,Germany,52.2667,10.5167,73.0,0,3,3
Brazzaville,Congo (Brazzaville),-4.2667,15.2667,305.0,12,12,0
Bremen,Germany,53.0758,8.8072,17.0,0,3,3
Bridgeport,United States,41.1918,-73.1954,11.0,4,3,-1
Brisbane,Australia,-27.4678,153.0281,47.0,7,5,-2
Bristol,United Kingdom,51.4536,-2.5975,13.0,0,2,2
Bronx,United States,40.8501,-73.8662,22.0,4,4,0
Brooklyn,United States,40.6501,-73.9496,17.0,4,4,0
Brussels,Belgium,50.8467,4.3525,32.0,0,3,3
Buca,Turkey,38.35,27.1667,221.0,5,2,-3
Bucaramanga,Colombia,7.1333,-73.0,2348.0,0,12,12
Bucharest,Romania,44.4325,26.1039,84.0,3,4,1
Bucheon,"Korea, South",37.5,126.7833,16.0,4,4,0
Budapest,Hungary,47.4983,19.0408,112.0,3,4,1
Buenos Aires,Argentina,-34.6036,-58.3814,32.0,5,4,-1
Buffalo,United States,42.9018,-78.8487,195.0,3,3,0
Bujumbura,Burundi,-3.3833,29.3667,812.0,12,12,0
Bukavu,Congo (Kinshasa),-2.5061,28.8608,1513.0,3,12,9
Bulawayo,Zimbabwe,-20.17,28.58,1355.0,8,10,2
Bunia,Congo (Kinshasa),1.5667,30.25,1254.0,12,12,0
Bursa,Turkey,40.1833,29.05,270.0,4,4,0
Busan,"Korea, South",35.18,129.075,20.0,4,4,0
Bīkaner,India,28.0167,73.3119,230.0,3,0,-3
Cabinda,Angola,-5.56,12.19,28.0,12,12,0
Cacuaco,Angola,-8.8053,13.2444,10.0,12,12,0
Cadaado,Somalia,6.1393,46.6241,311.0,12,12,0
Cagayan de Oro,Philippines,8.48,124.65,6.0,12,12,0
Cairo,Egypt,30.0444,31.2358,48.0,8,5,-3
Calgary,Canada,51.05,-114.0667,1048.0,0,2,2
Cali,Colombia,3.4206,-76.5222,958.0,12,12,0
Caloocan City,Philippines,14.65,120.97,6.0,12,12,0
Campinas,Brazil,-22.9009,-47.0573,683.0,10,10,0
Campo Grande,Brazil,-20.4686,-54.6222,526.0,12,12,0
Campos,Brazil,-21.7523,-41.3304,18.0,12,12,0
Canagatan,Philippines,18.0,121.8,72.0,12,12,0
Cancún,Mexico,21.1606,-86.8475,10.0,12,12,0
Cangzhou,China,38.3047,116.8387,12.0,5,4,-1
Cape Coral,United States,26.6443,-81.9957,6.0,11,5,-6
Cape Town,South Africa,-33.9253,18.4239,21.0,4,4,0
Caracas,Venezuela,10.4806,-66.9036,884.0,12,12,0
Carrefour,Haiti,18.5333,-72.4,54.0,12,12,0
Cartagena,Colombia,10.4,-75.5,14.0,12,12,0
Casablanca,Morocco,33.5333,-7.5833,138.0,6,4,-2
Catia La Mar,Venezuela,10.6,-67.0333,13.0,12,12,0
Cazenga,Angola,-8.8214,13.2911,84.0,12,12,0
Cebu City,Philippines,10.32,123.75,431.0,12,12,0
Cencheng,China,22.9167,111.0,108.0,8,8,0
Chandīgarh,India,30.75,76.78,353.0,5,2,-3
Changchun,China,43.897,125.326,214.0,3,4,1
Changde,China,29.031,111.699,38.0,6,5,-1
Changping,China,40.2248,116.1944,74.0,5,4,-1
Changsha,China,28.228,112.939,68.0,6,5,-1
Changshu,China,31.656,120.753,7.0,5,4,-1
Changwon,"Korea, South",35.2708,128.6631,28.0,4,4,0
Changzhi,China,36.195,113.117,933.0,3,4,1
Changzhou,China,31.811,119.974,4.0,5,4,-1
Chaohucun,China,31.6244,117.8902,13.0,5,4,-1
Chaoyang,China,41.571,120.453,171.0,3,4,1
Chaozhou,China,23.658,116.622,16.0,8,8,0
Charleston,United States,32.8168,-79.9687,1.0,6,4,-2
Charlotte,United States,35.2083,-80.8303,208.0,5,4,-1
Chattogram,Bangladesh,22.335,91.8325,16.0,12,12,0
Chelyabinsk,Russia,55.1547,61.3758,249.0,1,3,2
Chengdu,China,30.66,104.0633,497.0,6,4,-2
Chengguan,China,35.4623,113.8054,94.0,5,4,-1
Chengtangcun,China,35.0833,117.15,69.0,5,4,-1
Chengxiang,China,31.564,121.174,4.0,6,4,-2
Chennai,India,13.0825,80.275,12.0,12,12,0
Chenzhou,China,25.77,113.016,190.0,7,6,-1
Cheongju,"Korea, South",36.6333,127.4833,48.0,4,4,0
Chiang Mai,Thailand,18.7953,98.9986,311.0,12,11,-1
Chiba,Japan,35.6073,140.1064,9.0,4,4,0
Chicago,United States,41.8375,-87.6866,181.0,4,4,0
Chiclayo,Peru,-6.763,-79.8366,33.0,12,12,0
Chifeng,China,42.255,118.8825,584.0,3,4,1
Chihuahua,Mexico,28.6369,-106.0769,1425.0,4,3,-1
Chimalhuacán,Mexico,19.4131,-98.9839,2236.0,2,8,6
Chisinau,Moldova,47.0228,28.8353,89.0,3,4,1
Chizhou,China,30.6654,117.4916,19.0,5,4,-1
Chongqing,China,29.5637,106.5504,243.0,7,5,-2
Chongzuo,China,22.377,107.365,122.0,9,9,0
Chuxiong,China,25.033,101.5459,1786.0,6,5,-1
Chuzhou,China,32.256,118.333,32.0,5,4,-1
Chānda,India,19.95,79.297,187.0,8,8,0
Ch’ŏnan,"Korea, South",36.81,127.1475,35.0,4,4,0
Ch’ŏngjin,"Korea, North",41.7833,129.7667,1.0,2,3,1
Cilacap,Indonesia,-7.7167,109.017,2.0,12,12,0
Cimahi,Indonesia,-6.8712,107.5548,794.0,12,12,0
Cincinnati,United States,39.1413,-84.506,231.0,4,4,0
City of Calamba,Philippines,14.22,121.17,14.0,12,12,0
City of Parañaque,Philippines,14.5008,120.9915,12.0,12,12,0
Ciudad Apodaca,Mexico,25.7817,-100.1886,432.0,8,6,-2
Ciudad Guayana,Venezuela,8.3667,-62.65,40.0,12,12,0
Ciudad Nezahualcóyotl,Mexico,19.4006,-99.0148,2235.0,2,8,6
Cleveland,United States,41.4764,-81.6805,196.0,3,4,1
Cochabamba,Bolivia,-17.3883,-66.1597,2580.0,0,3,3
Cocody,Côte d’Ivoire,5.3351,-4.0039,42.0,12,12,0
Coimbatore,India,11.0008,76.9633,417.0,12,12,0
Cologne,Germany,50.9364,6.9528,60.0,2,3,1
Colombo,Sri Lanka,6.9167,79.8333,0.0,12,12,0
Colorado Springs,United States,38.8674,-104.7605,1935.0,2,3,1
Columbia,United States,34.0378,-80.9036,95.0,5,4,-1
Columbus,United States,39.9862,-82.9855,247.0,4,4,0
Comayagüela,Honduras,14.098,-87.21,939.0,12,12,0
Conakry,Guinea,9.5092,-13.7122,16.0,12,12,0
Concepción,Chile,-36.8282,-73.0514,33.0,0,3,3
Concord,United States,37.9722,-122.0016,49.0,4,4,0
Contagem,Brazil,-19.9319,-44.0539,946.0,9,12,3
Copenhagen,Denmark,55.6805,12.5615,7.0,0,3,3
Cotonou,Benin,6.3667,2.4333,8.0,12,12,0
Cuito,Angola,-12.3833,16.9333,1708.0,8,12,4
Culiacán,Mexico,24.8069,-107.3939,53.0,12,7,-5
Curitiba,Brazil,-25.4297,-49.2719,910.0,4,5,1
Cuttack,India,20.5236,85.7881,36.0,12,12,0
Córdoba,Argentina,-31.4167,-64.1833,395.0,5,4,-1
Cúcuta,Colombia,7.8942,-72.5039,307.0,12,12,0
Cần Thơ,Vietnam,10.0333,105.7833,3.0,12,12,0
Dadukou,China,26.5824,101.7184,1161.0,6,5,-1
Daegu,"Korea, South",35.8717,128.6017,47.0,5,4,-1
Daejeon,"Korea, South",36.35,127.385,62.0,4,4,0
Dakar,Senegal,14.6726,-17.432,20.0,12,12,0
Dali,China,25.6811,100.3003,2103.0,5,5,0
Dalian,China,38.9,121.6,34.0,4,3,-1
Dallas,United States,32.7935,-96.7667,151.0,7,4,-3
Damascus,Syria,33.502,36.2981,694.0,5,4,-1
Dandong,China,40.1167,124.3833,9.0,4,4,0
Danyang,China,32.0,119.586,10.0,5,4,-1
Daqing,China,46.589,125.104,148.0,3,4,1
Dar es Salaam,Tanzania,-6.8161,39.2803,17.0,12,12,0
Dashiqiao,China,40.6167,122.5167,18.0,4,4,0
Dasmariñas,Philippines,14.33,120.94,84.0,12,12,0
Davao,Philippines,7.07,125.6,13.0,12,12,0
Dayan,China,26.8552,100.2259,2383.0,0,4,4
Daye,China,30.0961,114.9804,22.0,5,4,-1
Dayrūţ,Egypt,27.5564,30.8106,47.0,3,1,-2
Dayton,United States,39.7805,-84.2003,229.0,4,4,0
Dazhou,China,31.2093,107.4678,297.0,5,4,-1
Dehra Dūn,India,30.345,78.029,680.0,8,5,-3
Dehui,China,44.535,125.703,179.0,3,4,1
Delhi,India,28.61,77.23,215.0,6,2,-4
Denizli,Turkey,37.7833,29.0964,354.0,4,2,-2
Denpasar,Indonesia,-8.6717,115.2339,18.0,12,12,0
Denver,United States,39.762,-104.8758,1611.0,2,3,1
Depok,Indonesia,-6.394,106.8225,92.0,12,12,0
Des Moines,United States,41.5725,-93.6105,241.0,4,4,0
Detroit,United States,42.3834,-83.1024,198.0,3,4,1
Deyang,China,31.127,104.398,491.0,6,4,-2
Dezhou,China,37.436,116.359,25.0,5,4,-1
Dhaka,Bangladesh,23.7289,90.3944,17.0,11,10,-1
Dhanbād,India,23.7998,86.4305,232.0,9,7,-2
Dhūlia,India,20.8997,74.7697,266.0,9,9,0
Dingxi,China,35.608,104.592,1892.0,1,3,2
Dingzhou,China,38.516,114.99,56.0,5,4,-1
Dispur,India,26.1397,91.7925,54.0,10,5,-5
Diyarbakır,Turkey,37.91,40.24,661.0,1,1,0
Djibouti,Djibouti,11.5944,43.1481,9.0,9,8,-1
Dnipro,Ukraine,48.4675,35.04,59.0,3,4,1
Dodoma,Tanzania,-6.1731,35.7419,1126.0,12,12,0
Doha,Qatar,25.2867,51.5333,10.0,6,1,-5
Domaa-Ahenkro,Ghana,7.2739,-2.8735,274.0,12,12,0
Donetsk,Ukraine,48.0028,37.8053,192.0,3,4,1
Dongguan,China,23.021,113.752,6.0,9,9,0
Dongtai,China,32.795,120.519,3.0,5,4,-1
Dongyang,China,29.2667,120.2167,107.0,6,4,-2
Dortmund,Germany,51.5139,7.4653,95.0,0,3,3
Douala,Cameroon,4.05,9.7,20.0,12,12,0
Dresden,Germany,51.05,13.74,113.0,0,3,3
Dubai,United Arab Emirates,25.2631,55.2972,9.0,7,1,-6
Dublin,Ireland,53.3497,-6.2603,13.0,0,1,1
Duisburg,Germany,51.4347,6.7625,35.0,1,3,2
Durango,Mexico,24.025,-104.6675,1893.0,4,5,1
Durban,South Africa,-29.8833,31.05,38.0,9,5,-4
Durgāpur,India,23.55,87.32,88.0,10,9,-1
Dushanbe,Tajikistan,38.5367,68.78,771.0,3,4,1
Düsseldorf,Germany,51.2256,6.7767,44.0,1,3,2
Ecatepec,Mexico,19.6097,-99.06,2260.0,2,8,6
Edmonton,Canada,53.5344,-113.4903,617.0,0,2,2
Edogawa,Japan,35.7,139.8833,3.0,4,4,0
El Alto,Bolivia,-16.5047,-68.1633,4095.0,0,0,0
El Fasher,Sudan,13.63,25.35,746.0,3,6,3
El Geneina,Sudan,13.45,22.44,802.0,4,6,2
El Paso,United States,31.8476,-106.43,1182.0,2,0,-2
Ensenada,Mexico,31.8578,-116.6058,18.0,5,4,-1
Enugu,Nigeria,6.5,7.5,179.0,12,12,0
Erbil,Iraq,36.1911,44.0094,428.0,2,1,-1
Erzurum,Turkey,39.9086,41.2769,1900.0,0,1,1
Esenyurt,Turkey,41.0342,28.68,127.0,4,4,0
Eskişehir,Turkey,39.7767,30.5206,793.0,3,4,1
Essen,Germany,51.4508,7.0131,88.0,1,3,2
Etimesgut,Turkey,39.9458,32.6694,830.0,3,4,1
Ezhou,China,30.3914,114.8949,16.0,6,4,-2
Eşfahān,Iran,32.6653,51.6703,1576.0,0,1,1
Faisalabad,Pakistan,31.4167,73.0911,188.0,6,0,-6
Fangchenggang,China,21.6867,108.3547,2.0,9,9,0
Farāh,Afghanistan,32.3436,62.1194,670.0,0,0,0
Farīdābād,India,28.4211,77.3078,204.0,6,2,-4
Feicheng,China,36.1861,116.7719,109.0,5,4,-1
Fort Worth,United States,32.7817,-97.3474,167.0,7,4,-3
Fortaleza,Brazil,-3.7275,-38.5275,33.0,12,12,0
Foshan,China,23.0214,113.1216,3.0,9,9,0
Frankfurt,Germany,50.1106,8.6822,104.0,2,3,1
Freetown,Sierra Leone,8.4833,-13.2331,110.0,12,12,0
Fresno,United States,36.783,-119.7939,99.0,4,2,-2
Fuding,China,27.2,120.2,78.0,6,5,-1
Fukuoka,Japan,33.59,130.4017,26.0,6,4,-2
Funchal,Portugal,32.6669,-16.9241,336.0,4,4,0
Fuqing,China,25.7167,119.3833,27.0,7,6,-1
Fushun,China,41.881,123.957,83.0,3,4,1
Fuxin,China,42.022,121.67,146.0,3,4,1
Fuyang,China,32.89,115.814,35.0,5,4,-1
Fuzhou,China,26.0743,119.2964,13.0,7,5,-2
Fu’an,China,27.1,119.6333,38.0,6,5,-1
Fès,Morocco,34.0433,-5.0033,391.0,6,4,-2
Gaalkacyo,Somalia,6.7697,47.4308,290.0,12,11,-1
Gaizhou,China,40.4,122.35,9.0,4,4,0
Ganzhou,China,25.831,114.933,104.0,7,6,-1
Gaobeidian,China,39.327,115.874,37.0,5,4,-1
Gaomi,China,36.3833,119.75,28.0,5,4,-1
Gaoping,China,30.7824,106.1281,317.0,6,4,-2
Gaoyou,China,32.845,119.508,2.0,5,4,-1
Gaozhou,China,21.9244,110.8422,40.0,9,11,2
Garoua,Cameroon,9.3,13.4,193.0,6,5,-1
Gaza,Gaza Strip,31.5069,34.456,35.0,8,4,-4
Gaziantep,Turkey,37.0628,37.3792,846.0,3,2,-1
Gdańsk,Poland,54.3475,18.6453,9.0,0,3,3
General Santos,Philippines,6.12,125.17,23.0,12,12,0
Genoa,Italy,44.4072,8.934,35.0,3,3,0
George Town,Malaysia,5.4136,100.3294,19.0,12,12,0
Ghulja,China,43.9,81.35,645.0,3,4,1
Ghāziābād,India,28.67,77.42,213.0,6,2,-4
Giza,Egypt,29.987,31.2118,22.0,8,5,-3
Glasgow,United Kingdom,55.8611,-4.25,27.0,0,0,0
Goiânia,Brazil,-16.6806,-49.2564,773.0,12,12,0
Gold Coast,Australia,-28.0167,153.4,5.0,9,5,-4
Gongzhuling,China,43.5053,124.8224,214.0,3,4,1
Gorakhpur,India,26.7637,83.4039,78.0,8,3,-5
Gothenburg,Sweden,57.7075,11.9675,8.0,0,2,2
Goyang,"Korea, South",37.65,126.8,12.0,4,4,0
Gqeberha,South Africa,-33.9581,25.6,88.0,5,4,-1
Grand Rapids,United States,42.9619,-85.6562,233.0,3,3,0
Guadalajara,Mexico,20.6767,-103.3475,1556.0,8,12,4
Guadalupe,Mexico,25.6775,-100.2597,499.0,8,6,-2
Guangshui,China,31.617,113.826,81.0,5,4,-1
Guangyuan,China,32.436,105.844,491.0,5,4,-1
Guangzhou,China,23.13,113.26,24.0,9,9,0
Guang’an,China,30.4564,106.6326,303.0,5,5,0
Guankou,China,28.1637,113.6433,89.0,6,5,-1
Guarulhos,Brazil,-23.4667,-46.5333,777.0,8,7,-1
Guatemala City,Guatemala,14.6417,-90.5133,1504.0,12,12,0
Guayaquil,Ecuador,-2.19,-79.8875,14.0,12,12,0
Guigang,China,23.112,109.599,44.0,8,8,0
Guilin,China,25.275,110.296,148.0,7,6,-1
Guiping,China,23.4,110.0833,21.0,8,8,0
Guixi,China,28.2925,117.2454,66.0,7,5,-2
Guiyang,China,26.647,106.63,1274.0,5,4,-1
Gujranwala,Pakistan,32.1567,74.19,226.0,6,2,-4
Gulbarga,India,17.329,76.825,468.0,9,9,0
Guli,China,28.9,120.0333,89.0,6,5,-1
Gulou,China,26.0865,119.298,21.0,7,5,-2
Guntūr,India,16.3008,80.4428,38.0,11,10,-1
Guozhen,China,34.3609,107.1751,581.0,3,4,1
Gurgaon,India,28.456,77.029,228.0,6,2,-4
Guwāhāti,India,26.1722,91.7458,54.0,10,5,-5
Guyuan,China,36.01,106.257,1766.0,1,3,2
Gwalior,India,26.2125,78.1775,215.0,7,2,-5
Gwangju,"Korea, South",35.1653,126.8486,19.0,4,4,0
Gāzipura,Bangladesh,23.9234,90.3959,11.0,11,10,-1
Hachiōji,Japan,35.6664,139.316,129.0,4,4,0
Haicheng,China,40.8824,122.6852,18.0,4,4,0
Haifa,Israel,32.8192,34.9992,14.0,7,4,-3
Haikou,China,20.0186,110.3488,18.0,11,12,1
Haiphong,Vietnam,20.8651,106.6838,9.0,10,12,2
Hai’an,China,32.535,120.563,3.0,5,4,-1
Haldwāni,India,29.22,79.52,440.0,8,5,-3
Hamadān,Iran,34.8064,48.5161,1788.0,0,2,2
Hamamatsu,Japan,34.7108,137.7275,17.0,6,4,-2
Hamburg,Germany,53.55,10.0,26.0,0,3,3
Hamhŭng,"Korea, North",39.9167,127.5333,20.0,3,4,1
Hamilton,Canada,43.2567,-79.8692,109.0,3,3,0
Hanchuan,China,30.6667,113.8333,28.0,5,4,-1
Handan,China,36.601,114.487,63.0,5,4,-1
Hangzhou,China,30.267,120.153,22.0,6,4,-2
Hannover,Germany,52.3667,9.7167,60.0,0,3,3
Hanoi,Vietnam,21.0,105.85,13.0,9,12,3
Hanzhong,China,33.0664,107.0232,514.0,5,4,-1
Harare,Zimbabwe,-17.8292,31.0522,1489.0,8,10,2
Harbin,China,45.7576,126.6409,152.0,3,4,1
Hargeysa,Somalia,9.56,44.065,1261.0,10,12,2
Hartford,United States,41.7661,-72.6834,17.0,3,4,1
Hasanpur,India,28.72,78.28,207.0,6,2,-4
Havana,Cuba,23.1367,-82.3589,21.0,12,12,0
Hebi,China,35.748,114.297,88.0,5,4,-1
Hechi,China,24.693,108.085,190.0,7,6,-1
Hefei,China,31.8206,117.2273,38.0,5,4,-1
Hegang,China,47.3501,130.298,167.0,3,3,0
Hejian,China,38.4466,116.0995,13.0,5,4,-1
Helsinki,Finland,60.1708,24.9375,0.0,0,2,2
Hempstead,United States,40.6629,-73.6089,10.0,4,3,-1
Hengshui,China,37.739,115.669,23.0,5,4,-1
Hengyang,China,26.894,112.572,85.0,7,5,-2
Hengzhou,China,22.6799,109.2614,59.0,8,9,1
Hermosillo,Mexico,29.0989,-110.9542,221.0,5,0,-5
Heroica Matamoros,Mexico,25.8797,-97.5042,18.0,9,5,-4
Herāt,Afghanistan,34.3419,62.2031,925.0,1,1,0
Heshan,China,22.7667,112.95,9.0,9,9,0
Heyuan,China,23.7443,114.7002,37.0,8,7,-1
Heze,China,35.2343,115.4796,55.0,5,4,-1
Hezhou,China,24.4042,111.5672,103.0,7,6,-1
Himeji,Japan,34.8167,134.6833,8.0,5,4,-1
Hiroshima,Japan,34.3914,132.4519,12.0,4,4,0
Ho Chi Minh City,Vietnam,10.7756,106.7019,11.0,12,12,0
Hohhot,China,40.842,111.749,1071.0,3,4,1
Homs,Syria,34.7319,36.7181,513.0,6,4,-2
Homyel’,Belarus,52.4453,30.9842,136.0,2,3,1
Honchō,Japan,35.6946,139.9826,8.0,4,4,0
Hong Kong,Hong Kong,22.3,114.2,0.0,9,11,2
Houston,United States,29.786,-95.3885,19.0,7,5,-2
Huaibei,China,33.956,116.798,33.0,5,4,-1
Huaihua,China,27.5698,110.0016,239.0,5,5,0
Huainan,China,32.6314,117.0194,39.0,5,4,-1
Huaiyin,China,33.5819,119.028,12.0,5,4,-1
Huai’an,China,33.551,119.113,8.0,5,4,-1
Huambo,Angola,-12.7767,15.7347,1721.0,8,12,4
Huanggang,China,30.4537,114.8724,44.0,6,4,-2
Huanglongsi,China,34.795,114.345,77.0,5,4,-1
Huangshan,China,29.7149,118.3376,121.0,5,4,-1
Huangshi,China,30.2011,115.039,20.0,6,4,-2
Huazhou,China,21.664,110.6396,23.0,9,11,2
Hubli,India,15.3502,75.1376,634.0,12,12,0
Huilong,China,31.87,121.703,2.0,6,4,-2
Huizhou,China,23.112,114.416,29.0,9,9,0
Huludao,China,40.711,120.837,16.0,4,4,0
Huzhou,China,30.8925,120.0875,4.0,6,4,-2
Huế,Vietnam,16.4619,107.5955,7.0,12,12,0
Hwasu-dong,"Korea, South",37.1997,126.8314,61.0,4,3,-1
Hyderabad City,Pakistan,25.3792,68.3683,22.0,7,2,-5
Hyderābād,India,17.3617,78.4747,508.0,10,9,-1
Hāora,India,22.58,88.3294,13.0,11,12,1
Ibadan,Nigeria,7.3964,3.9167,238.0,12,12,0
Ibagué,Colombia,4.4333,-75.2333,1182.0,0,12,12
Ikare,Nigeria,7.5167,5.75,429.0,12,12,0
Ikeja,Nigeria,6.6,3.35,35.0,12,12,0
Ile-Ife,Nigeria,7.4833,4.5592,293.0,12,12,0
Iloilo,Philippines,10.72,122.57,8.0,12,12,0
Ilorin,Nigeria,8.5,4.55,308.0,11,10,-1
Incheon,"Korea, South",37.4833,126.6333,10.0,4,4,0
Indianapolis,United States,39.7771,-86.1458,219.0,4,4,0
Indore,India,22.7167,75.8472,552.0,8,9,1
Ipoh,Malaysia,4.6,101.065,43.0,12,12,0
Irapuato,Mexico,20.6667,-101.35,1717.0,7,10,3
Irbid,Jordan,32.55,35.85,568.0,6,4,-2
Irkutsk,Russia,52.2892,104.28,431.0,0,3,3
Islamabad,Pakistan,33.6931,73.0639,532.0,6,3,-3
Istanbul,Turkey,41.0136,28.955,44.0,4,4,0
Itabashi,Japan,35.7667,139.6833,24.0,5,4,-1
Ixtapaluca,Mexico,19.3186,-98.8822,2251.0,0,3,3
Izhevsk,Russia,56.8333,53.1833,98.0,1,3,2
Jabalpur,India,23.1667,79.9333,404.0,7,6,-1
Jaboatão dos Guararapes,Brazil,-8.1128,-35.015,45.0,12,12,0
Jacksonville,United States,30.3322,-81.6749,15.0,7,5,-2
Jaipur,India,26.9,75.8,432.0,6,2,-4
Jakarta,Indonesia,-6.175,106.8275,6.0,12,12,0
Jalandhar,India,31.326,75.5762,240.0,6,2,-4
Jalingo,Nigeria,8.9,11.3667,231.0,7,6,-1
Jambi,Indonesia,-1.59,103.61,12.0,12,12,0
Jammu,India,32.73,74.87,356.0,6,2,-4
Jamshedpur,India,22.7925,86.1842,155.0,9,9,0
Jeddah,Saudi Arabia,21.5428,39.1728,16.0,11,8,-3
Jerusalem,Israel,31.7789,35.2256,783.0,6,4,-2
Jhānsi,India,25.4486,78.5696,259.0,7,2,-5
Jiaji,China,19.2431,110.4642,26.0,12,12,0
Jiamusi,China,46.8,130.319,84.0,3,3,0
Jiancheng,China,30.38,104.53,394.0,6,5,-1
Jiangguanchi,China,34.037,113.852,73.0,5,4,-1
Jiangmen,China,22.5789,113.0815,8.0,9,9,0
Jianguang,China,28.1958,115.7833,32.0,7,5,-2
Jiangyin,China,31.839,120.295,8.0,5,4,-1
Jianshe,China,34.2137,113.7629,98.0,5,4,-1
Jiaozhou,China,36.2647,120.0334,6.0,5,4,-1
Jiaozuo,China,35.2157,113.2419,101.0,5,4,-1
Jiaxing,China,30.747,120.756,6.0,6,4,-2
Jieshou,China,33.257,115.3746,37.0,5,4,-1
Jieyang,China,23.551,116.3727,6.0,8,8,0
Jinan,China,36.6702,117.0207,29.0,5,4,-1
Jincheng,China,35.491,112.852,706.0,4,4,0
Jingcheng,China,32.009,120.263,5.0,5,4,-1
Jingdezhen,China,29.2917,117.1986,40.0,6,5,-1
Jinghong,China,22.009,100.797,553.0,9,10,1
Jingling,China,30.664,113.167,31.0,5,4,-1
Jinhua,China,29.079,119.647,42.0,6,5,-1
Jining,China,35.4151,116.5871,40.0,5,4,-1
Jinzhou,China,41.129,121.148,29.0,4,4,0
Jin’e,China,29.3394,105.2875,369.0,7,5,-2
Jiujiang,China,29.661,115.954,59.0,6,5,-1
Jixi,China,45.295,130.969,193.0,2,3,1
Ji’an,China,27.0912,114.9668,49.0,7,5,-2
Jodhpur,India,26.28,73.02,244.0,6,2,-4
Johannesburg,South Africa,-26.2044,28.0456,1764.0,4,5,1
Jos,Nigeria,9.9167,8.8903,1205.0,10,11,1
João Pessoa,Brazil,-7.12,-34.88,33.0,12,12,0
Juiz de Fora,Brazil,-21.7642,-43.3503,719.0,10,12,2
Jurong,China,31.946,119.164,30.0,5,4,-1
Juárez,Mexico,31.745,-106.485,1132.0,2,0,-2
Kabinda,Congo (Kinshasa),-6.13,24.48,810.0,12,12,0
Kabul,Afghanistan,34.5253,69.1783,1803.0,3,4,1
Kaduna,Nigeria,10.5167,7.4333,606.0,9,9,0
Kagoshima,Japan,31.5969,130.5572,10.0,6,4,-2
Kahramanmaraş,Turkey,37.5833,36.9333,594.0,4,4,0
Kaihua,China,23.387,104.233,1258.0,6,6,0
Kaiyuan,China,36.0193,113.86,400.0,3,4,1
Kalleli,India,9.2807,76.8697,36.0,12,12,0
Kalyān,India,19.24,73.13,11.0,12,12,0
Kampala,Uganda,0.3136,32.5811,1195.0,12,12,0
Kananga,Congo (Kinshasa),-5.897,22.4488,640.0,12,12,0
Kandahār,Afghanistan,31.62,65.7158,1012.0,1,0,-1
Kannankulam,India,10.52,76.21,15.0,12,12,0
Kano,Nigeria,12.0,8.5167,483.0,7,9,2
Kansas City,United States,39.1238,-94.5541,227.0,4,4,0
Kaohsiung,Taiwan,22.615,120.2975,9.0,12,12,0
Karachi,Pakistan,24.86,67.01,12.0,12,7,-5
Karaikandi,India,24.8309,92.6143,18.0,11,8,-3
Karaj,Iran,35.8292,50.9675,1312.0,0,1,1
Karbalā’,Iraq,32.6167,44.0333,38.0,2,0,-2
Karīmnagar,India,18.4386,79.1288,279.0,9,8,-1
Kashgar,China,39.4681,75.9938,1294.0,4,4,0
Kassala,Sudan,15.45,36.4,507.0,6,5,-1
Kathmandu,Nepal,27.71,85.32,1307.0,6,5,-1
Kawaguchi,Japan,35.8077,139.7241,6.0,5,4,-1
Kawasaki,Japan,35.5167,139.7,2.0,5,4,-1
Kayseri,Turkey,38.7225,35.4875,1060.0,2,3,1
Kazan,Russia,55.7964,49.1089,78.0,1,3,2
Kemerovo,Russia,55.3667,86.0667,127.0,1,3,2
Kenitra,Morocco,34.25,-6.5833,21.0,6,4,-2
Kermān,Iran,30.2625,57.0575,1763.0,0,1,1
Kermānshāh,Iran,34.3369,47.0911,1324.0,0,2,2
Keçiören,Turkey,40.0,32.8667,969.0,3,4,1
Khabarovsk,Russia,48.4833,135.0833,80.0,2,3,1
Kharkiv,Ukraine,49.9925,36.2311,124.0,3,4,1
Khartoum,Sudan,15.6031,32.5265,387.0,2,2,0
Khartoum North,Sudan,15.6333,32.6333,387.0,2,2,0
Khulna,Bangladesh,22.8167,89.55,7.0,11,12,1
Khŭjand,Tajikistan,40.2833,69.6333,341.0,5,4,-1
Kibanseke Première,Congo (Kinshasa),-4.4419,15.395,412.0,12,12,0
Kigali,Rwanda,-1.9536,30.0606,1559.0,12,12,0
Kimhae,"Korea, South",35.2342,128.8811,12.0,4,4,0
Kingston,Jamaica,17.9714,-76.7931,15.0,12,12,0
Kinshasa,Congo (Kinshasa),-4.3219,15.3119,278.0,12,12,0
Kirkuk,Iraq,35.4667,44.4,348.0,3,1,-2
Kisangani,Congo (Kinshasa),0.5167,25.2,403.0,12,12,0
Kitakyūshū,Japan,33.8833,130.8833,12.0,5,4,-1
Kitchener,Canada,43.4186,-80.4728,332.0,2,3,1
Kitwe,Zambia,-12.8167,28.2,1243.0,10,12,2
Klang,Malaysia,3.0223,101.5481,6.0,12,12,0
Knoxville,United States,35.9692,-83.9496,271.0,5,4,-1
Kochi,India,9.9312,76.2673,11.0,12,12,0
Kolhāpur,India,16.6917,74.2333,562.0,12,12,0
Kolkāta,India,22.5675,88.37,7.0,11,12,1
Konya,Turkey,37.8667,32.4833,1033.0,4,4,0
Korla,China,41.7259,86.1746,935.0,3,4,1
Kota,India,25.18,75.83,229.0,6,2,-4
Kotla Qasim Khan,Pakistan,32.5833,73.75,221.0,6,2,-4
Kottayam,India,9.5916,76.5222,29.0,12,12,0
Kottārasshēri,India,10.775,76.651,84.0,12,12,0
Kowloon,Hong Kong,22.3167,114.1833,43.0,9,11,2
Kraków,Poland,50.0614,19.9372,219.0,2,3,1
Krasnodar,Russia,45.0333,38.9667,27.0,4,4,0
Krasnoyarsk,Russia,56.0089,92.8719,153.0,0,3,3
Kryvyi Rih,Ukraine,47.91,33.39,99.0,3,4,1
Kuaidamao,China,41.7283,125.9397,368.0,3,3,0
Kuala Lumpur,Malaysia,3.1686,101.698,38.0,12,12,0
Kuantan,Malaysia,3.83,103.32,128.0,12,12,0
Kuiju,China,36.8667,119.4,9.0,5,4,-1
Kumamoto,Japan,32.8031,130.7078,23.0,6,4,-2
Kumasi,Ghana,6.7,-1.625,269.0,12,12,0
Kumila,Pakistan,35.25,73.5,3897.0,0,0,0
Kunming,China,25.0464,102.7094,1907.0,4,5,1
Kuwait City,Kuwait,29.3697,47.9783,15.0,4,1,-3
Kyaukse,Burma,21.6131,96.1303,87.0,11,11,0
Kyiv,Ukraine,50.45,30.5233,158.0,3,4,1
Kyōto,Japan,35.0117,135.7683,49.0,4,4,0
Kōbe,Japan,34.69,135.1956,19.0,6,4,-2
Kōtō-ku,Japan,35.6667,139.8167,12.0,5,4,-1
K’ebrī Beyah,Ethiopia,9.0833,43.0833,1582.0,12,12,0
La Plata,Argentina,-34.9211,-57.9544,33.0,5,4,-1
Lagos,Nigeria,6.455,3.3841,8.0,12,12,0
Lahore,Pakistan,31.5497,74.3436,212.0,7,2,-5
Laibin,China,23.7501,109.2212,85.0,8,7,-1
Laiwu,China,36.1833,117.6667,187.0,5,4,-1
Laixi,China,36.8667,120.5333,57.0,5,4,-1
Laiyang,China,36.9758,120.7136,40.0,4,4,0
Langfang,China,39.5383,116.6835,18.0,5,4,-1
Langzhong,China,31.558,106.005,364.0,5,4,-1
Lanxi,China,29.208,119.458,39.0,6,5,-1
Lanzhou,China,36.0606,103.8268,1532.0,3,4,1
Las Palmas,Spain,28.1258,-15.4353,33.0,6,5,-1
Las Piñas City,Philippines,14.45,120.98,17.0,12,12,0
Las Vegas,United States,36.2333,-115.2654,723.0,0,1,1
Latakia,Syria,35.54,35.78,7.0,6,4,-2
Leeds,United Kingdom,53.7975,-1.5436,48.0,0,2,2
Leipzig,Germany,51.34,12.375,118.0,2,3,1
Leiyang,China,26.4223,112.8598,70.0,7,5,-2
Leizhou,China,20.9143,110.0967,13.0,9,12,3
Leling,China,37.73,117.232,14.0,5,4,-1
Leping,China,28.978,117.152,30.0,7,5,-2
Leshan,China,29.552,103.766,357.0,6,5,-1
León de los Aldama,Mexico,21.1167,-101.6833,1802.0,7,10,3
Lhasa,China,29.6534,91.1719,3660.0,0,0,0
Liangshi,China,27.26,111.7442,267.0,5,5,0
Lianjiang,China,21.7333,110.2833,34.0,9,11,2
Lianshan,China,40.7523,120.828,17.0,4,4,0
Lianyuan,China,27.692,111.664,174.0,5,5,0
Liaocheng,China,36.4559,115.9852,36.0,5,4,-1
Liaoyang,China,41.279,123.176,26.0,3,4,1
Liaoyuan,China,42.888,125.1447,259.0,3,4,1
Libreville,Gabon,0.3901,9.4544,10.0,12,12,0
Licheng,China,31.4306,119.4788,12.0,5,4,-1
Lichuan,China,30.291,108.9364,1080.0,4,4,0
Lilongwe,Malawi,-13.9669,33.7873,1052.0,9,12,3
Lima,Peru,-12.06,-77.0375,143.0,6,12,6
Lincang,China,23.884,100.089,1490.0,5,6,1
Linfen,China,36.088,111.519,452.0,4,4,0
Lingbao Chengguanzhen,China,34.5176,110.8942,423.0,5,4,-1
Lingcheng,China,22.708,110.354,93.0,8,9,1
Lingyuan,China,41.25,119.4,405.0,3,4,1
Linhai,China,28.85,121.1167,13.0,6,4,-2
Linyi,China,35.1038,118.3564,70.0,5,4,-1
Lisbon,Portugal,38.7122,-9.134,48.0,4,4,0
Lishui,China,28.468,119.923,72.0,6,5,-1
Liuzhou,China,24.3278,109.4278,94.0,8,7,-1
Liverpool,United Kingdom,53.4072,-2.9917,29.0,0,2,2
Lokoja,Nigeria,7.8019,6.7442,56.0,10,9,-1
Lomé,Togo,6.1308,1.2153,9.0,12,12,0
London,United Kingdom,51.5072,-0.1275,17.0,0,3,3
Longba,China,33.3702,104.9603,993.0,2,3,1
Longyan,China,25.076,117.017,329.0,7,6,-1
Loni,India,28.75,77.28,209.0,6,2,-4
Los Angeles,United States,34.1141,-118.4068,346.0,5,4,-1
Loudi,China,27.6998,111.9944,106.0,6,5,-1
Louisville,United States,38.1663,-85.6485,174.0,5,4,-1
Luanda,Angola,-8.8383,13.2344,76.0,12,12,0
Luanzhou,China,39.741,118.704,46.0,5,4,-1
Lubango,Angola,-14.9167,13.5,1738.0,2,12,10
Lubumbashi,Congo (Kinshasa),-11.6647,27.4794,1258.0,10,12,2
Lucknow,India,26.85,80.95,114.0,6,2,-4
Ludhiāna,India,30.91,75.85,250.0,6,2,-4
Luocheng,China,22.7689,111.5697,50.0,8,9,1
Luofeng,China,37.359,120.396,65.0,4,4,0
Luohe,China,33.5804,114.0166,63.0,5,4,-1
Luoyang,China,34.6197,112.4539,147.0,5,4,-1
Lusaka,Zambia,-15.4167,28.2833,1285.0,10,12,2
Luzhou,China,28.871,105.442,263.0,7,5,-2
Lu’an,China,31.736,116.52,82.0,5,4,-1
Lviv,Ukraine,49.8425,24.0322,291.0,2,3,1
Lyon,France,45.76,4.84,169.0,3,4,1
Macapá,Brazil,0.033,-51.05,6.0,12,12,0
Macau,Macau,22.2006,113.5461,18.0,9,10,1
Maceió,Brazil,-9.6658,-35.735,13.0,12,12,0
Macheng,China,31.173,115.008,63.0,5,4,-1
Madrid,Spain,40.4169,-3.7033,667.0,4,3,-1
Madurai,India,9.9252,78.1198,141.0,11,8,-3
Maiduguri,Nigeria,11.8372,13.1542,327.0,6,7,1
Maipú,Chile,-33.5167,-70.7667,476.0,4,4,0
Makassar,Indonesia,-5.1331,119.4136,9.0,12,12,0
Makati City,Philippines,14.5567,121.0214,83.0,12,12,0
Makhachkala,Russia,42.9825,47.505,6.0,4,4,0
Malang,Indonesia,-7.98,112.62,449.0,12,12,0
Malanje,Angola,-9.5333,16.35,1138.0,12,12,0
Mamak,Turkey,39.9422,32.9231,998.0,3,4,1
Managua,Nicaragua,12.1364,-86.2514,97.0,12,11,-1
Manama,Bahrain,26.2233,50.5875,10.0,8,2,-6
Manchester,United Kingdom,53.479,-2.2452,58.0,0,2,2
Mandalay,Burma,21.9831,96.0844,83.0,11,10,-1
Mangalore,India,12.8717,74.8425,42.0,12,12,0
Manhattan,United States,40.7834,-73.9662,30.0,4,4,0
Manila,Philippines,14.5958,120.9772,10.0,12,12,0
Maoming,China,21.6627,110.9255,30.0,9,11,2
Maputo,Mozambique,-25.9153,32.5764,38.0,12,6,-6
Mar del Plata,Argentina,-38.0,-57.55,15.0,3,4,1
Maracaibo,Venezuela,10.6333,-71.6333,20.0,12,12,0
Maracay,Venezuela,10.2469,-67.5961,445.0,12,12,0
Marrakech,Morocco,31.63,-8.0089,459.0,6,4,-2
Marseille,France,43.2964,5.37,7.0,4,4,0
Masbate,Philippines,12.27,123.58,83.0,12,12,0
Mashhad,Iran,36.3264,59.5433,1027.0,3,4,1
Masqaţ,Oman,23.614,58.5911,15.0,6,5,-1
Matola,Mozambique,-25.9667,32.4667,21.0,12,6,-6
Matsuyama,Japan,33.8333,132.7667,28.0,4,4,0
Maturín,Venezuela,9.75,-63.183,75.0,12,12,0
Mazatlán,Mexico,23.2167,-106.4167,12.0,12,12,0
Ma’anshan,China,31.669,118.507,21.0,5,4,-1
Mbandaka,Congo (Kinshasa),0.0478,18.2558,314.0,12,12,0
Mbeya,Tanzania,-8.9,33.45,1694.0,4,11,7
Mbuji-Mayi,Congo (Kinshasa),-6.15,23.6,592.0,12,12,0
McAllen,United States,26.2252,-98.2467,39.0,9,5,-4
Mecca,Saudi Arabia,21.4225,39.8261,303.0,5,4,-1
Medan,Indonesia,3.5894,98.6739,22.0,12,12,0
Medellín,Colombia,6.2308,-75.5906,1494.0,0,12,12
Medina,Saudi Arabia,24.47,39.61,603.0,2,0,-2
Meerut,India,28.98,77.71,226.0,6,2,-4
Meihekou,China,42.5407,125.7107,319.0,3,4,1
Meilan,China,19.999,110.403,4.0,12,12,0
Meishan,China,30.0771,103.8484,415.0,6,5,-1
Meizhou,China,24.289,116.122,88.0,8,7,-1
Meknès,Morocco,33.895,-5.5547,493.0,6,4,-2
Melbourne,Australia,-37.8142,144.9631,27.0,2,4,2
Melikgazi,Turkey,38.7167,35.5,1060.0,2,3,1
Memphis,United States,35.1087,-89.9663,97.0,5,4,-1
Mersin,Turkey,36.8,34.6333,12.0,6,4,-2
Mesa,United States,33.4015,-111.7178,401.0,1,0,-1
Mexicali,Mexico,32.6633,-115.4678,2.0,0,0,0
Mexico City,Mexico,19.4333,-99.1333,2242.0,0,5,5
Miami,United States,25.784,-80.2101,11.0,12,5,-7
Mianyang,China,31.468,104.679,470.0,6,4,-2
Milan,Italy,45.4669,9.19,136.0,4,4,0
Miluo Chengguanzhen,China,28.761,113.16,61.0,6,5,-1
Milwaukee,United States,43.0642,-87.9675,220.0,3,3,0
Minneapolis,United States,44.9635,-93.2678,264.0,3,3,0
Minsk,Belarus,53.9006,27.5586,216.0,0,3,3
Mirzāpur,India,25.146,82.569,89.0,7,3,-4
Mission Viejo,United States,33.6096,-117.6551,176.0,4,4,0
Mississauga,Canada,43.6,-79.65,182.0,2,3,1
Mixco,Guatemala,14.6331,-90.6064,1723.0,12,12,0
Mogadishu,Somalia,2.0392,45.3419,13.0,12,12,0
Mombasa,Kenya,-4.05,39.6667,22.0,12,12,0
Monrovia,Liberia,6.3133,-10.8014,28.0,12,12,0
Monterrey,Mexico,25.6844,-100.3181,545.0,8,6,-2
Montevideo,Uruguay,-34.9056,-56.1842,46.0,4,4,0
Montréal,Canada,45.5089,-73.5617,25.0,3,3,0
Morelia,Mexico,19.7683,-101.1894,1938.0,6,10,4
Morādābād,India,28.8319,78.7764,202.0,6,2,-4
Moscow,Russia,55.7506,37.6175,153.0,1,3,2
Mosul,Iraq,36.3667,43.1167,214.0,3,1,-2
Mudanjiang,China,44.5514,129.6329,235.0,3,3,0
Multan,Pakistan,30.1978,71.4697,127.0,4,0,-4
Mumbai,India,19.0761,72.8775,6.0,12,12,0
Munich,Germany,48.1375,11.575,524.0,2,3,1
Muntinlupa City,Philippines,14.38,121.05,10.0,12,12,0
Murcia,Spain,37.9861,-1.1303,54.0,6,4,-2
Muscat,Oman,23.6139,58.5922,6.0,6,5,-1
Mushin,Nigeria,6.5333,3.35,26.0,12,12,0
Mwanza,Tanzania,-2.5167,32.9,1147.0,12,12,0
Mymensingh,Bangladesh,24.7504,90.38,14.0,11,8,-3
Mysore,India,12.3086,76.6531,747.0,12,12,0
Málaga,Spain,36.7194,-4.42,21.0,4,4,0
Mérida,Mexico,20.9667,-89.6167,12.0,12,12,0
Naberezhnyye Chelny,Russia,55.6833,52.3167,70.0,1,3,2
Nada,China,19.5209,109.5808,143.0,11,12,1
Nagoya,Japan,35.1833,136.9,10.0,5,4,-1
Nairobi,Kenya,-1.2864,36.8172,1667.0,8,12,4
Najafgarh,India,28.6125,76.9847,219.0,6,2,-4
Namangan,Uzbekistan,41.0011,71.6683,442.0,2,1,-1
Nampo,"Korea, North",38.7356,125.4089,8.0,4,4,0
Nampula,Mozambique,-15.1167,39.2667,425.0,12,12,0
Nanchang,China,28.683,115.858,16.0,6,5,-1
Nanchong,China,30.8372,106.1106,332.0,6,4,-2
Nangandao,China,35.3036,113.9268,71.0,5,4,-1
Nanjing,China,32.0608,118.7789,20.0,5,4,-1
Nanning,China,22.8167,108.3275,86.0,8,9,1
Nanping,China,26.6418,118.1774,95.0,7,5,-2
Nansana,Uganda,0.3639,32.5286,1216.0,12,12,0
Nantong,China,31.981,120.894,1.0,6,4,-2
Nanyang,China,32.9902,112.5285,130.0,5,4,-1
Naples,Italy,40.8358,14.2486,27.0,5,4,-1
Narela,India,28.85,77.1,207.0,6,2,-4
Nashville,United States,36.1715,-86.7842,125.0,5,4,-1
Natal,Brazil,-5.795,-35.2089,32.0,12,12,0
Naucalpan de Juárez,Mexico,19.4753,-99.2378,2310.0,0,5,5
Nava Raipur,India,21.161,81.787,310.0,10,8,-2
Nay Pyi Taw,Burma,19.7475,96.115,128.0,11,10,-1
Ndola,Zambia,-12.9689,28.6325,1300.0,10,12,2
Neijiang,China,29.5802,105.058,336.0,7,5,-2
Nellore,India,14.4431,79.9861,19.0,10,10,0
Nenjiang,China,49.11,125.13,238.0,3,3,0
Nerima,Japan,35.7356,139.6517,55.0,5,4,-1
New Haven,United States,41.3113,-72.9246,15.0,4,3,-1
New Orleans,United States,30.0687,-89.9288,10.0,7,5,-2
New York,United States,40.6943,-73.9249,18.0,4,4,0
Newcastle,South Africa,-27.7464,29.9328,1187.0,5,5,0
Nezahualcóyotl,Mexico,19.4081,-99.0186,2234.0,2,8,6
Nha Trang,Vietnam,12.245,109.1917,10.0,12,12,0
Niamey,Niger,13.515,2.1175,212.0,3,5,2
Nicosia,Cyprus,35.1667,33.3667,142.0,6,3,-3
Niigata,Japan,37.9161,139.0364,9.0,4,4,0
Nilüfer,Turkey,40.2833,28.95,71.0,4,4,0
Ningbo,China,29.8603,121.6245,7.0,6,4,-2
Ningde,China,26.6662,119.5477,4.0,6,5,-1
Ninh Bình,Vietnam,20.25,105.8333,2.0,9,12,3
Nizhniy Novgorod,Russia,56.3269,44.0075,141.0,1,3,2
Nneyi-Umuleri,Nigeria,6.3333,6.8333,23.0,12,12,0
Noida,India,28.57,77.32,202.0,6,2,-4
Nouakchott,Mauritania,18.0858,-15.9785,8.0,12,12,0
Novokuznetsk,Russia,53.7667,87.1333,195.0,1,3,2
Novosibirsk,Russia,55.05,82.95,168.0,1,3,2
Nuremberg,Germany,49.4539,11.0775,299.0,2,3,1
Nādampālaiyam,India,11.0125,76.9714,432.0,12,12,0
Nāgpur,India,21.1497,79.0806,319.0,8,8,0
Nānded,India,19.15,77.3,355.0,9,8,-1
Nārāyanganj,Bangladesh,23.6167,90.5,13.0,11,11,0
Nāsik,India,19.9975,73.7898,582.0,12,12,0
N’Djamena,Chad,12.1053,15.0447,301.0,3,3,0
Odesa,Ukraine,46.492,30.7081,32.0,3,4,1
Ogbomoso,Nigeria,8.1333,4.25,321.0,12,12,0
Ogden,United States,41.2279,-111.9682,1328.0,2,3,1
Okayama,Japan,34.65,133.9167,10.0,6,4,-2
Oklahoma City,United States,35.4676,-97.5136,383.0,5,4,-1
Omaha,United States,41.2627,-96.0529,360.0,4,4,0
Omdurman,Sudan,15.6835,32.4629,397.0,2,2,0
Omsk,Russia,54.9833,73.3667,70.0,1,3,2
Onitsha,Nigeria,6.1667,6.7833,54.0,12,12,0
Oran,Algeria,35.6969,-0.6331,119.0,6,4,-2
Orenburg,Russia,51.7833,55.1,106.0,3,4,1
Orlando,United States,28.4773,-81.337,33.0,9,5,-4
Orūmīyeh,Iran,37.5439,45.0647,1356.0,3,4,1
Osasco,Brazil,-23.5328,-46.7919,749.0,8,8,0
Oslo,Norway,59.9133,10.7389,19.0,0,2,2
Osmangazi,Turkey,40.1983,29.06,141.0,4,4,0
Osogbo,Nigeria,7.7667,4.5667,327.0,12,12,0
Ottawa,Canada,45.4247,-75.695,70.0,2,3,1
Ouagadougou,Burkina Faso,12.3686,-1.5275,305.0,5,5,0
Oujda-Angad,Morocco,34.6867,-1.9114,546.0,4,4,0
Owerri,Nigeria,5.485,7.035,73.0,12,12,0
Palembang,Indonesia,-2.9861,104.7556,10.0,12,12,0
Palermo,Colombia,2.8917,-75.4375,545.0,12,12,0
Palermo,Italy,38.1157,13.3613,29.0,5,4,-1
Palm Bay,United States,27.9631,-80.6593,15.0,9,5,-4
Palma,Spain,39.5667,2.65,28.0,6,4,-2
Panama City,Panama,8.9711,-79.5347,15.0,12,12,0
Parachinar,Pakistan,33.9,70.1,1752.0,3,4,1
Paris,France,48.8567,2.3522,50.0,2,3,1
Pasig City,Philippines,14.5605,121.0765,10.0,12,12,0
Patiāla,India,30.34,76.38,259.0,7,2,-5
Patna,India,25.594,85.1376,56.0,8,2,-6
Pekanbaru,Indonesia,0.5092,101.4453,16.0,12,12,0
Pendik,Turkey,40.8747,29.235,3.0,4,4,0
Pereira,Colombia,4.8143,-75.6946,1423.0,12,12,0
Perm,Russia,58.0,56.3167,123.0,0,3,3
Perth,Australia,-31.9558,115.8597,64.0,6,4,-2
Peshawar,Pakistan,34.0144,71.5675,322.0,5,2,-3
Petaling Jaya,Malaysia,3.0833,101.65,26.0,12,12,0
Peyanvilai,India,8.9,77.9833,52.0,11,8,-3
Philadelphia,United States,40.0077,-75.1339,32.0,4,4,0
Phnom Penh,Cambodia,11.5696,104.921,20.0,12,12,0
Phoenix,United States,33.5722,-112.0892,381.0,1,0,-1
Pietermaritzburg,South Africa,-29.6167,30.3833,648.0,5,5,0
Pikine,Senegal,14.744,-17.4021,11.0,12,12,0
Pimpri-Chinchwad,India,18.6186,73.8037,567.0,12,12,0
Pingdingshan,China,33.7666,113.1926,124.0,5,4,-1
Pingdu,China,36.7769,119.9884,52.0,5,4,-1
Pinghu,China,30.7,121.0167,9.0,6,4,-2
Pingliang,China,35.5424,106.6649,1397.0,3,4,1
Pingxiang,China,27.659,113.887,114.0,6,5,-1
Pittsburgh,United States,40.4397,-79.9763,312.0,3,4,1
Pizhou,China,34.398,117.89,23.0,5,4,-1
Pohang,"Korea, South",36.0322,129.365,8.0,4,4,0
Pointe-Noire,Congo (Brazzaville),-4.7975,11.8503,14.0,12,12,0
Pontianak,Indonesia,-0.0206,109.3414,0.0,12,12,0
Port Harcourt,Nigeria,4.8242,7.0336,16.0,12,12,0
Port Said,Egypt,31.2625,32.3061,12.0,8,4,-4
Port Sudan,Sudan,19.6158,37.2164,10.0,8,7,-1
Port-Bouët,Côte d’Ivoire,5.2568,-3.963,10.0,12,12,0
Port-au-Prince,Haiti,18.5425,-72.3386,27.0,12,12,0
Portland,United States,45.5371,-122.65,50.0,2,3,1
Porto Alegre,Brazil,-30.0328,-51.23,45.0,7,5,-2
Portsmouth,United Kingdom,50.8058,-1.0872,8.0,0,2,2
Poznań,Poland,52.4083,16.9336,64.0,2,3,1
Prague,Czechia,50.0875,14.4214,202.0,2,3,1
Prayagraj,India,25.4358,81.8464,92.0,7,2,-5
Pretoria,South Africa,-25.7461,28.1881,1341.0,6,5,-1
Providence,United States,41.823,-71.4187,-16.0,3,3,0
Provo,United States,40.2457,-111.6457,1408.0,2,3,1
Pudong,China,31.2347,121.5064,10.0,6,4,-2
Puebla,Mexico,19.0333,-98.1833,2160.0,4,10,6
Puente Alto,Chile,-33.6167,-70.5667,700.0,0,3,3
Pune,India,18.5203,73.8567,563.0,12,12,0
Puning,China,23.298,116.166,15.0,8,8,0
Putian,China,25.4526,119.0078,23.0,7,6,-1
Puxi,China,35.2125,114.735,65.0,5,4,-1
Puyang,China,35.7627,115.0292,55.0,5,4,-1
Puyang Chengguanzhen,China,35.7004,114.98,58.0,5,4,-1
Pyongyang,"Korea, North",39.0167,125.7475,18.0,4,4,0
Pānīpat,India,29.3875,76.97,239.0,6,2,-4
Qamdo,China,31.143,97.17,3251.0,0,0,0
Qaraghandy,Kazakhstan,49.8028,73.1056,542.0,3,3,0
Qianxi,China,27.0087,106.0323,1220.0,5,4,-1
Qian’an,China,39.999,118.701,50.0,5,4,-1
Qinbaling,China,35.7091,107.6436,1410.0,3,4,1
Qincheng,China,34.5815,105.7248,1174.0,3,4,1
Qingdao,China,36.0669,120.3827,8.0,4,3,-1
Qingnian,China,36.8494,115.7061,39.0,5,4,-1
Qingping,China,34.539,113.391,305.0,5,4,-1
Qingyang,China,24.7816,118.5517,32.0,8,7,-1
Qingyuan,China,23.682,113.056,14.0,8,7,-1
Qingzhou,China,36.6853,118.4796,99.0,5,4,-1
Qinhuangdao,China,39.8882,119.5202,9.0,4,4,0
Qinzhou,China,21.981,108.654,14.0,9,9,0
Qionghu,China,28.945,112.598,31.0,6,5,-1
Qiqihar,China,47.3549,123.9182,148.0,3,4,1
Qom,Iran,34.64,50.8764,932.0,2,0,-2
Quanzhou,China,24.8744,118.6757,3.0,8,7,-1
Quebec City,Canada,46.8139,-71.2081,55.0,2,3,1
Queens,United States,40.7498,-73.7976,12.0,4,4,0
Querétaro,Mexico,20.5875,-100.3928,1820.0,6,9,3
Quetta,Pakistan,30.1833,67.0,1688.0,2,3,1
Quezon City,Philippines,14.65,121.0475,49.0,12,12,0
Qufu,China,35.5819,116.9862,67.0,5,4,-1
Quito,Ecuador,-0.22,-78.5125,2826.0,0,0,0
Qujing,China,25.491,103.796,1873.0,4,5,1
Quzhou,China,28.9702,118.8593,60.0,6,5,-1
Rabat,Morocco,34.0209,-6.8416,19.0,6,4,-2
Raipur,India,21.2444,81.6306,300.0,10,8,-2
Raleigh,United States,35.8324,-78.6429,108.0,5,4,-1
Rangapukur,Bangladesh,25.5206,89.2147,31.0,11,5,-6
Rangoon,Burma,16.795,96.16,21.0,12,12,0
Rasht,Iran,37.2744,49.5889,4.0,5,4,-1
Raurkela,India,22.2492,84.8828,215.0,10,9,-1
Rawalpindi,Pakistan,33.6,73.0333,513.0,6,2,-4
Recife,Brazil,-8.0539,-34.8808,7.0,12,12,0
Renqiu,China,38.686,116.084,9.0,5,4,-1
Reynosa,Mexico,26.0922,-98.2778,48.0,10,5,-5
Ribeirão Prêto,Brazil,-21.1776,-47.8101,550.0,12,12,0
Richmond,United States,37.5295,-77.4756,23.0,5,4,-1
Riga,Latvia,56.9475,24.1069,9.0,0,3,3
Rio de Janeiro,Brazil,-22.9111,-43.2056,15.0,12,12,0
Riverside,United States,33.9381,-117.3949,271.0,5,4,-1
Riyadh,Saudi Arabia,24.65,46.71,590.0,2,0,-2
Rizhao,China,35.417,119.527,34.0,4,4,0
Rochester,United States,43.168,-77.6162,153.0,2,3,1
Rome,Italy,41.8931,12.4828,50.0,4,4,0
Rongcheng,China,26.218,104.103,1952.0,3,4,1
Rongjiawan,China,29.15,113.1024,45.0,6,5,-1
Rosario,Argentina,-32.9575,-60.6394,33.0,5,4,-1
Rostov,Russia,47.2225,39.71,38.0,3,4,1
Rotterdam,Netherlands,51.92,4.48,6.0,0,3,3
Rucheng,China,32.246,120.591,3.0,5,4,-1
Ruiming,China,25.886,116.027,206.0,7,6,-1
Rui’an,China,27.7833,120.625,13.0,6,5,-1
Rustenburg,South Africa,-25.6667,27.2428,1172.0,6,6,0
Ryazan,Russia,54.63,39.7425,114.0,1,3,2
Rājkot,India,22.3,70.7833,136.0,10,9,-1
Rānchi,India,23.36,85.33,644.0,8,8,0
Sacramento,United States,38.5677,-121.4685,11.0,5,4,-1
Sagamihara,Japan,35.5667,139.3667,129.0,4,4,0
Sahāranpur,India,29.9639,77.5458,275.0,7,2,-5
Saint Petersburg,Russia,59.9375,30.3086,14.0,0,2,2
Saitama,Japan,35.8614,139.6456,25.0,5,4,-1
Sakai,Japan,34.5733,135.4831,11.0,5,4,-1
Sale,Morocco,34.0333,-6.8,67.0,6,4,-2
Salem,India,11.65,78.15,281.0,12,12,0
Salt Lake City,United States,40.7776,-111.9311,1293.0,3,3,0
Salta,Argentina,-24.7833,-65.4167,1186.0,0,4,4
Saltillo,Mexico,25.4231,-100.9919,1585.0,6,5,-1
Salvador,Brazil,-12.9831,-38.4928,36.0,12,12,0
Salīmpur,India,26.3,83.9167,71.0,8,2,-6
Samara,Russia,53.2028,50.1408,95.0,3,4,1
Samarinda,Indonesia,-0.5,117.1378,8.0,12,12,0
Samarkand,Uzbekistan,39.6547,66.9758,722.0,5,4,-1
Samsun,Turkey,41.2903,36.3336,11.0,3,3,0
San Antonio,United States,29.4632,-98.5238,224.0,7,5,-2
San Diego,United States,32.8313,-117.1222,118.0,5,4,-1
San Francisco,United States,37.7558,-122.4449,198.0,0,1,1
San Jose,United States,37.3012,-121.848,26.0,3,3,0
San Jose del Monte,Philippines,14.8139,121.0453,57.0,12,12,0
San José,Costa Rica,9.9325,-84.08,1167.0,4,12,8
San Juan,Puerto Rico,18.3985,-66.061,15.0,12,12,0
San Luis Potosí,Mexico,22.1511,-100.9761,1875.0,5,6,1
San Miguel de Tucumán,Argentina,-26.8167,-65.2167,456.0,6,5,-1
San Pedro Sula,Honduras,15.5062,-88.0249,89.0,12,12,0
San Salvador,El Salvador,13.6989,-89.1914,661.0,12,12,0
Sanaa,Yemen,15.3483,44.2064,2256.0,5,9,4
Sangereng,Indonesia,-6.2889,106.7181,38.0,12,12,0
Sanhe,China,40.0167,117.0833,26.0,5,4,-1
Sanmenxia,China,34.7732,111.2004,378.0,5,4,-1
Sanming,China,26.2634,117.6389,192.0,7,5,-2
Santa Cruz,Spain,28.4667,-16.25,30.0,6,5,-1
Santa Cruz de la Sierra,Bolivia,-17.7892,-63.1975,418.0,12,12,0
Santa Marta,Colombia,11.2419,-74.2053,11.0,12,12,0
Santiago,Chile,-33.4372,-70.6506,575.0,4,4,0
Santiago,Dominican Republic,19.4572,-70.6889,203.0,12,12,0
Santiago del Estero,Argentina,-27.7833,-64.2667,190.0,8,5,-3
Santo André,Brazil,-23.6533,-46.528,752.0,7,7,0
Santo Domingo,Dominican Republic,18.4764,-69.8933,33.0,12,12,0
Santo Domingo Este,Dominican Republic,18.4855,-69.8734,35.0,12,12,0
Sanya,China,18.2533,109.5036,19.0,12,12,0
Sanzhou,China,30.82,108.4,106.0,5,4,-1
Sapporo,Japan,43.0619,141.3544,31.0,2,3,1
Saratov,Russia,51.53,46.035,66.0,3,4,1
Sargodha,Pakistan,32.0836,72.6711,189.0,7,1,-6
Seattle,United States,47.6211,-122.3244,95.0,2,3,1
Seberang Jaya,Malaysia,5.3909,100.4104,5.0,12,12,0
Selçuklu,Turkey,37.8814,32.4922,1020.0,3,4,1
Semarang,Indonesia,-6.99,110.4225,11.0,12,12,0
Sendai,Japan,38.2682,140.8694,52.0,4,3,-1
Seoul,"Korea, South",37.5667,126.9833,51.0,4,4,0
Serang,Indonesia,-6.12,106.1503,29.0,12,12,0
Setagaya,Japan,35.6466,139.6532,46.0,5,4,-1
Sevastopol,Ukraine,44.605,33.5225,39.0,4,4,0
Sevilla,Spain,37.39,-5.99,21.0,6,2,-4
Seyhan,Turkey,36.9831,35.3328,30.0,6,4,-2
Sha Tin,Hong Kong,22.3802,114.1898,6.0,9,9,0
Shache,China,38.4261,77.25,1232.0,5,4,-1
Shagamu,Nigeria,6.8333,3.65,24.0,12,12,0
Shah Alam,Malaysia,3.0667,101.55,6.0,12,12,0
Shanghai,China,31.2286,121.4747,36.0,6,4,-2
Shangqiu,China,34.415,115.656,51.0,5,4,-1
Shangrao,China,28.4551,117.9431,78.0,6,5,-1
Shangzhou,China,33.8734,109.9186,706.0,3,4,1
Shanhu,China,29.6,120.8167,47.0,5,4,-1
Shantou,China,23.354,116.682,3.0,8,8,0
Shanwei,China,22.7872,115.3756,8.0,9,9,0
Shaoguan,China,24.811,113.597,55.0,7,6,-1
Shaoxing,China,30.0511,120.5833,7.0,6,4,-2
Shaoyang,China,27.2395,111.4679,219.0,5,5,0
Sharjah,United Arab Emirates,25.3575,55.3908,7.0,7,1,-6
Sheffield,United Kingdom,53.3808,-1.4703,89.0,0,2,2
Shengli,China,37.434,118.6746,2.0,5,4,-1
Shenyang,China,41.8025,123.4281,50.0,3,4,1
Shenzhen,China,22.5415,114.0596,14.0,9,9,0
Shenzhou,China,38.002,115.56,30.0,5,4,-1
Shibīn al Qanāţir,Egypt,30.3127,31.3202,19.0,8,5,-3
Shihezi,China,44.3054,86.0804,482.0,3,4,1
Shijiazhuang,China,38.0425,114.51,79.0,5,4,-1
Shiliguri,India,26.71,88.43,125.0,10,5,-5
Shishi,China,24.7167,118.7,32.0,8,7,-1
Shiyan,China,32.629,110.7987,269.0,5,4,-1
Shizuoka,Japan,34.9756,138.3828,34.0,5,4,-1
Shouguang,China,36.857,118.791,22.0,5,4,-1
Shuangqiao,China,35.067,112.602,146.0,5,4,-1
Shuangyashan,China,46.6762,131.1416,125.0,3,3,0
Shubrā al Khaymah,Egypt,30.1286,31.2422,28.0,8,5,-3
Shuizhai,China,33.4658,114.8753,44.0,5,4,-1
Shuozhou,China,39.3317,112.4329,1085.0,3,3,0
Shuyangzha,China,34.1299,118.7734,9.0,5,4,-1
Shymkent,Kazakhstan,42.3167,69.5958,517.0,5,4,-1
Shīrāz,Iran,29.61,52.5425,1534.0,0,1,1
Shīshgarh,India,28.72,79.32,181.0,7,2,-5
Sialkot City,Pakistan,32.4925,74.5311,250.0,6,2,-4
Sihui,China,23.3265,112.7338,8.0,8,8,0
Sincan,Turkey,39.9594,32.5767,816.0,3,4,1
Singapore,Singapore,1.3,103.8,20.0,12,12,0
Sinnūris,Egypt,29.4072,30.8667,8.0,5,2,-3
Siping,China,43.1668,124.3506,163.0,3,4,1
Sizhan,China,38.9846,106.3828,1105.0,3,4,1
Soacha,Colombia,4.5872,-74.2214,2548.0,0,4,4
Sofia,Bulgaria,42.6979,23.3217,556.0,2,3,1
Soledad,Colombia,10.9167,-74.75,4.0,12,12,0
Solāpur,India,17.68,75.92,478.0,9,9,0
Somolu,Nigeria,6.5408,3.3872,13.0,12,12,0
Songjiang,China,31.0058,121.2333,10.0,6,4,-2
Songyang,China,34.4553,113.0253,381.0,5,4,-1
Songzi,China,30.174,111.757,77.0,5,4,-1
Sorocaba,Brazil,-23.5019,-47.4578,587.0,10,8,-2
Southampton,United Kingdom,50.9025,-1.4042,15.0,0,3,3
Soweto,South Africa,-26.2678,27.8585,1629.0,4,5,1
Srīnagar,India,34.09,74.79,1590.0,3,4,1
St. Louis,United States,38.6359,-90.2451,145.0,5,4,-1
Stockholm,Sweden,59.3275,18.0547,14.0,0,2,2
Stuttgart,Germany,48.7775,9.18,246.0,2,3,1
Suez,Egypt,29.9667,32.5333,10.0,8,4,-4
Suginami-ku,Japan,35.6994,139.6364,50.0,5,4,-1
Suihua,China,46.654,126.969,175.0,3,3,0
Suining,China,30.533,105.593,281.0,6,5,-1
Sumedang,Indonesia,-6.84,107.9208,472.0,12,12,0
Sungai Petani,Malaysia,5.6497,100.4793,8.0,12,12,0
Suohe,China,34.7833,113.35,155.0,5,4,-1
Supaul,India,26.126,86.605,53.0,9,4,-5
Suqian,China,33.963,118.275,26.0,5,4,-1
Surabaya,Indonesia,-7.2458,112.7378,9.0,12,12,0
Surakarta,Indonesia,-7.5667,110.8167,98.0,12,12,0
Surrey,Canada,49.19,-122.8489,84.0,0,2,2
Suwon,"Korea, South",37.2667,127.0167,51.0,4,4,0
Suzhou,China,33.648,116.964,25.0,5,4,-1
Sydney,Australia,-33.8667,151.2,3.0,6,4,-2
São Bernardo do Campo,Brazil,-23.6939,-46.565,793.0,7,7,0
São Gonçalo,Brazil,-22.8269,-43.0539,28.0,12,12,0
São José dos Campos,Brazil,-23.1789,-45.8869,582.0,8,8,0
São Luís,Brazil,-2.53,-44.3028,27.0,12,12,0
São Paulo,Brazil,-23.5504,-46.6339,787.0,8,8,0
Sŏngnam,"Korea, South",37.4333,127.15,70.0,4,4,0
Sūrat,India,21.205,72.84,19.0,12,12,0
Tabrīz,Iran,38.0817,46.2992,1394.0,3,4,1
Tabūk,Saudi Arabia,28.3972,36.5789,773.0,1,0,-1
Taguig City,Philippines,14.52,121.05,18.0,12,12,0
Taichung,Taiwan,24.1439,120.6794,93.0,8,8,0
Taihe,China,30.871,105.388,335.0,6,4,-2
Taihecun,China,45.771,131.003,204.0,3,3,0
Tainan,Taiwan,22.9833,120.1833,4.0,11,12,1
Taipei,Taiwan,25.0375,121.5625,16.0,8,6,-2
Taishan,China,22.252,112.794,14.0,9,9,0
Taixing,China,32.159,120.029,8.0,5,4,-1
Taiyuan,China,37.8704,112.5497,790.0,3,4,1
Taizhou,China,32.4567,119.9229,9.0,5,4,-1
Tai’an,China,36.202,117.087,172.0,5,4,-1
Talatona,Angola,-8.9167,13.1833,54.0,12,12,0
Tallinn,Estonia,59.4372,24.7453,29.0,0,2,2
Tamale,Ghana,9.4075,-0.8533,184.0,8,7,-1
Tampa,United States,27.9945,-82.4447,23.0,9,5,-4
Tangerang,Indonesia,-6.1703,106.6403,11.0,12,12,0
Tangier,Morocco,35.7767,-5.8039,31.0,6,4,-2
Tangshan,China,39.6294,118.1739,30.0,5,4,-1
Tashkent,Uzbekistan,41.3111,69.2797,457.0,5,4,-1
Tasikmalaya,Indonesia,-7.3161,108.1975,382.0,12,12,0
Tbilisi,Georgia,41.7225,44.7925,423.0,3,3,0
Tegucigalpa,Honduras,14.1057,-87.204,942.0,12,12,0
Tehran,Iran,35.6889,51.3897,1171.0,0,2,2
Tengyue,China,25.0167,98.4833,1815.0,5,6,1
Teresina,Brazil,-5.0903,-42.8167,73.0,12,10,-2
Thanh Hóa,Vietnam,19.8075,105.7764,11.0,11,12,1
The Hague,Netherlands,52.08,4.31,9.0,0,3,3
Thessaloníki,Greece,40.6403,22.9356,21.0,5,4,-1
Thiruvananthapuram,India,8.5241,76.9366,18.0,12,12,0
Thāne,India,19.1972,72.9722,14.0,12,12,0
Thủ Đức,Vietnam,10.8266,106.7609,9.0,12,12,0
Tianchang,China,32.6811,119.0137,15.0,5,4,-1
Tianjin,China,39.1336,117.2054,9.0,5,4,-1
Tieling,China,42.2237,123.726,57.0,3,4,1
Tijuana,Mexico,32.525,-117.0333,31.0,3,4,1
Tilburg,Netherlands,51.5572,5.0911,17.0,0,3,3
Tiruppūr,India,11.1085,77.3411,304.0,12,11,-1
Tlalnepantla,Mexico,19.5367,-99.1947,2262.0,0,5,5
Tlaquepaque,Mexico,20.6167,-103.3167,1579.0,8,12,4
Tokyo,Japan,35.687,139.7495,32.0,5,4,-1
Toluca,Mexico,19.2925,-99.6569,2669.0,0,0,0
Tolyatti,Russia,53.5089,49.4222,112.0,3,3,0
Tomsk,Russia,56.5,84.9667,113.0,1,3,2
Tonalá,Mexico,20.6167,-103.2333,1605.0,8,12,4
Tondo,Philippines,14.617,120.967,8.0,12,12,0
Tongchuan,China,34.897,108.945,717.0,4,4,0
Tongjin,"Korea, South",37.2333,127.2,103.0,4,4,0
Tongliao,China,43.654,122.243,178.0,3,4,1
Tongling,China,30.9456,117.8114,27.0,5,4,-1
Tongren,China,27.7316,109.1895,254.0,5,5,0
Tongshan,China,34.261,117.1859,38.0,5,4,-1
Toronto,Canada,43.7417,-79.3733,152.0,2,3,1
Touba,Senegal,14.8667,-15.8833,47.0,9,9,0
Toulouse,France,43.6045,1.444,155.0,4,4,0
Trichinopoly,India,10.7903,78.7047,81.0,10,7,-3
Tripoli,Libya,32.8872,13.1914,14.0,7,4,-3
Trujillo,Peru,-8.112,-79.0288,38.0,8,12,4
Tshikapa,Congo (Kinshasa),-6.4167,20.8,483.0,12,12,0
Tucson,United States,32.1541,-110.8787,815.0,1,0,-1
Tulsa,United States,36.1283,-95.9042,222.0,5,4,-1
Tultitlán de Mariano Escobedo,Mexico,19.645,-99.1694,2254.0,1,7,6
Tumkūr,India,13.34,77.1,817.0,12,12,0
Tunis,Tunisia,36.8064,10.1817,5.0,6,4,-2
Turin,Italy,45.0792,7.6761,242.0,4,4,0
Turpan,China,42.9512,89.1895,35.0,1,1,0
Tuticorin,India,8.8056,78.145,7.0,12,12,0
Tuxtla,Mexico,16.7528,-93.1167,538.0,12,12,0
Tyumen,Russia,57.15,65.5333,86.0,1,3,2
Tân An,Vietnam,10.905,106.6994,10.0,12,12,0
Uberlândia,Brazil,-18.9189,-48.2769,866.0,12,12,0
Ubungo,Tanzania,-6.7889,39.2056,58.0,12,12,0
Ufa,Russia,54.7261,55.9475,165.0,1,3,2
Ujjain,India,23.17,75.79,494.0,8,6,-2
Ulaanbaatar,Mongolia,47.9214,106.9055,1301.0,0,1,1
Ulhāsnagar,India,19.22,73.15,11.0,12,12,0
Ulsan,"Korea, South",35.55,129.3167,5.0,4,4,0
Ulyanovsk,Russia,54.3167,48.3667,100.0,1,3,2
Umraniye,Turkey,41.0311,29.1081,125.0,4,4,0
Utsunomiya,Japan,36.555,139.8825,120.0,4,4,0
Uvira,Congo (Kinshasa),-3.4,29.15,767.0,12,12,0
Uyo,Nigeria,5.0333,7.9275,73.0,12,12,0
Vadodara,India,22.3,73.2,40.0,9,9,0
Valencia,Spain,39.47,-0.3764,21.0,6,4,-2
Valencia,Venezuela,10.1833,-68.0,468.0,12,12,0
Valenzuela,Philippines,14.7,120.98,18.0,12,12,0
Valledupar,Colombia,10.4833,-73.25,177.0,12,12,0
Van,Turkey,38.4942,43.38,1702.0,2,3,1
Vancouver,Canada,49.25,-123.1,71.0,0,2,2
Vasai-Virar,India,19.47,72.8,3.0,12,12,0
Vienna,Austria,48.2083,16.3725,192.0,3,4,1
Vientiane,Laos,17.98,102.63,176.0,12,12,0
Vijayavāda,India,16.5193,80.6305,25.0,11,11,0
Villavicencio,Colombia,4.15,-73.6333,450.0,1,12,11
Vilnius,Lithuania,54.6872,25.28,104.0,0,3,3
Vinh,Vietnam,18.6667,105.6667,9.0,11,12,1
Virginia Beach,United States,36.7335,-76.0435,0.0,5,4,-1
Vishākhapatnam,India,17.7042,83.2978,8.0,12,12,0
Vladivostok,Russia,43.115,131.8853,8.0,1,2,1
Volgograd,Russia,48.7086,44.5147,36.0,3,4,1
Voronezh,Russia,51.6717,39.2106,143.0,3,4,1
Vārānasi,India,25.3189,83.0128,77.0,7,2,-5
Wafangdian,China,39.6271,121.9796,133.0,4,4,0
Wancheng,China,18.8,110.4,10.0,12,12,0
Warangal,India,17.9689,79.5941,267.0,10,9,-1
Warsaw,Poland,52.23,21.0111,112.0,2,3,1
Washington,United States,38.9047,-77.0163,24.0,4,4,0
Weichanglu,China,37.1792,119.9333,40.0,5,4,-1
Weifang,China,36.708,119.162,31.0,5,4,-1
Weihai,China,37.5133,122.1205,24.0,4,3,-1
Weinan,China,34.5206,109.471,348.0,5,4,-1
Wenchang,China,31.0358,116.9367,38.0,5,4,-1
Wencheng,China,19.617,110.7551,15.0,12,12,0
Wenlan,China,23.3961,103.3649,1309.0,6,6,0
Wenling,China,28.3667,121.3667,9.0,6,5,-1
Wenzhou,China,27.9938,120.6993,6.0,6,5,-1
Wichita,United States,37.6895,-97.3443,400.0,5,4,-1
Winnipeg,Canada,49.8844,-97.1464,245.0,2,3,1
Wrocław,Poland,51.11,17.0325,124.0,2,3,1
Wuchang,China,44.924,127.158,193.0,3,3,0
Wuchuan,China,21.441,110.779,15.0,9,12,3
Wugang,China,26.7266,110.6319,318.0,5,5,0
Wuhai,China,39.655,106.794,1092.0,3,4,1
Wuhan,China,30.5934,114.3046,15.0,6,4,-2
Wuhu,China,31.3526,118.4331,7.0,5,4,-1
Wusong,China,30.945,117.811,27.0,5,4,-1
Wutong,China,30.6333,120.5333,8.0,6,4,-2
Wuwei,China,37.929,102.638,1535.0,3,4,1
Wuxi,China,31.5667,120.2833,16.0,6,4,-2
Wuxue,China,29.844,115.561,24.0,6,4,-2
Wuzhong,China,37.9978,106.1986,1124.0,3,4,1
Wuzhou,China,23.4767,111.279,23.0,8,8,0
Wu’an,China,36.697,114.204,195.0,5,4,-1
Xiamen,China,24.4796,118.0889,7.0,8,7,-1
Xiangtan,China,27.8313,112.9454,71.0,7,5,-2
Xiangxiang,China,27.7186,112.5502,81.0,6,5,-1
Xiangyang,China,32.01,112.122,68.0,5,4,-1
Xiantao,China,30.328,113.443,26.0,6,4,-2
Xianyang,China,34.3299,108.7088,383.0,5,4,-1
Xiaoganzhan,China,30.918,113.957,24.0,5,4,-1
Xiaoxita,China,30.692,111.287,59.0,5,4,-1
Xiashi,China,30.5333,120.6833,14.0,6,4,-2
Xibeijie,China,39.7334,98.4943,1481.0,3,4,1
Xichang,China,27.8944,102.2644,1543.0,3,4,1
Xigazê,China,29.25,88.8833,3847.0,0,0,0
Ximeicun,China,24.9612,118.3849,24.0,8,6,-2
Xindi,China,29.827,113.476,25.0,6,5,-1
Xingcheng,China,24.1347,115.73,121.0,8,7,-1
Xingtai,China,37.0717,114.5048,73.0,5,4,-1
Xingyi,China,25.092,104.8955,1251.0,6,6,0
Xinhualu,China,34.3964,113.7402,112.0,5,4,-1
Xining,China,36.6224,101.7804,2254.0,0,1,1
Xinji,China,37.943,115.218,42.0,5,4,-1
Xinmin,China,41.997,122.823,36.0,3,4,1
Xinpu,China,34.5966,119.2214,4.0,5,4,-1
Xinshi,China,31.1333,113.1167,307.0,5,4,-1
Xintai,China,35.909,117.768,199.0,5,4,-1
Xinxing,China,39.8667,124.15,6.0,3,3,0
Xinyang,China,32.149,114.091,111.0,5,4,-1
Xinyi,China,22.3549,110.9468,89.0,8,9,1
Xinyu,China,27.8186,114.9167,65.0,7,5,-2
Xinzhou,China,38.416,112.734,791.0,3,4,1
Xin’an,China,34.286,118.355,25.0,5,4,-1
Xiping,China,25.6005,103.8166,1866.0,4,5,1
Xishan,China,27.6461,113.497,75.0,7,5,-2
Xi’an,China,34.2611,108.9422,410.0,5,4,-1
Xuanzhou,China,30.939,118.759,17.0,5,4,-1
Xushan,China,30.1667,121.2333,11.0,6,4,-2
Yancheng,China,33.35,120.1569,2.0,5,4,-1
Yangchun,China,22.1704,111.7916,34.0,8,9,1
Yanggok,"Korea, South",37.6333,127.2167,95.0,4,4,0
Yangjiang,China,21.857,111.983,3.0,9,11,2
Yangquan,China,37.8571,113.5804,671.0,3,4,1
Yangshe,China,31.8767,120.556,8.0,5,4,-1
Yangzhou,China,32.3944,119.4128,17.0,5,4,-1
Yanji,China,42.9,129.5,176.0,2,3,1
Yanjiang,China,30.129,104.627,375.0,6,5,-1
Yantai,China,37.4646,121.4478,3.0,4,4,0
Yan’an,China,36.65,109.494,1131.0,3,4,1
Yaoundé,Cameroon,3.8667,11.5167,746.0,12,12,0
Yaroslavl,Russia,57.6167,39.85,89.0,1,3,2
Yatou,China,37.1653,122.4867,18.0,4,4,0
Yazd,Iran,31.8822,54.3397,1227.0,0,1,1
Yekaterinburg,Russia,56.8356,60.6128,253.0,0,3,3
Yenimahalle,Turkey,39.9719,32.8119,922.0,3,4,1
Yerevan,Armenia,40.1814,44.5144,998.0,3,3,0
Yibin,China,28.752,104.643,322.0,7,5,-2
Yicheng,China,31.36,119.815,10.0,5,4,-1
Yichun,China,27.816,114.417,105.0,6,5,-1
Yinchuan,China,38.485,106.225,1111.0,3,4,1
Yingcheng,China,24.21,113.401,41.0,7,7,0
Yingchuan,China,34.142,113.489,114.0,5,4,-1
Yingkou,China,40.625,122.219,2.0,4,4,0
Yingtan,China,28.2721,117.0395,31.0,7,5,-2
Yiwu,China,29.3069,120.0753,73.0,6,5,-1
Yiyang,China,28.5549,112.356,75.0,6,5,-1
Yokohama,Japan,35.4442,139.6381,21.0,5,4,-1
Yongcheng,China,33.9299,116.45,36.0,5,4,-1
Yongzhou,China,26.42,111.613,104.0,7,5,-2
Yopougon,Côte d’Ivoire,5.3748,-4.0867,93.0,12,12,0
Yucheng,China,30.01,103.0415,557.0,5,4,-1
Yuci,China,37.6823,112.7281,796.0,3,4,1
Yueyang,China,29.3647,113.1309,34.0,6,5,-1
Yuhuan,China,28.1277,121.2288,12.0,6,5,-1
Yukarıkaraman,Turkey,36.9167,30.6833,90.0,5,2,-3
Yulin,China,22.654,110.181,84.0,8,9,1
Yulinshi,China,38.2858,109.7341,1084.0,3,4,1
Yuncheng,China,35.0267,111.007,369.0,5,4,-1
Yunfu,China,22.9152,112.0445,170.0,8,9,1
Yushan,China,31.322,120.985,4.0,6,4,-2
Yushu,China,44.826,126.55,215.0,3,4,1
Yutan,China,28.278,112.552,71.0,6,5,-1
Yuxi,China,24.347,102.527,1628.0,6,6,0
Yuyao,China,30.05,121.15,20.0,6,4,-2
Yıldırım,Turkey,40.11,29.0821,1472.0,2,3,1
Zagreb,Croatia,45.8131,15.9772,135.0,3,4,1
Zamboanga City,Philippines,6.9042,122.0761,11.0,12,12,0
Zaoyang,China,32.129,112.772,115.0,5,4,-1
Zaozhuang,China,34.8109,117.3238,99.0,5,4,-1
Zapopan,Mexico,20.7167,-103.4,1552.0,9,12,3
Zaporizhzhia,Ukraine,47.85,35.1175,61.0,3,4,1
Zaragoza,Spain,41.65,-0.8833,228.0,5,4,-1
Zhangjiajie,China,29.117,110.479,160.0,5,4,-1
Zhangjiakou,China,40.769,114.886,718.0,3,4,1
Zhangye,China,38.9248,100.4499,1486.0,3,4,1
Zhangzhou,China,24.513,117.647,20.0,8,7,-1
Zhanjiang,China,21.2701,110.3575,21.0,9,12,3
Zhaodong,China,46.051,125.962,146.0,3,4,1
Zhaoqing,China,23.05,112.4667,18.0,8,9,1
Zhaotong,China,27.338,103.717,1935.0,2,4,2
Zhengzhou,China,34.764,113.684,99.0,5,4,-1
Zhenjiang,China,32.188,119.424,23.0,5,4,-1
Zhenzhou,China,32.2723,119.1848,8.0,5,4,-1
Zhongba,China,31.771,104.755,532.0,5,4,-1
Zhongshan,China,22.517,113.3925,10.0,9,9,0
Zhongshu,China,27.7919,106.4013,854.0,5,4,-1
Zhongwei,China,37.5002,105.1968,1226.0,3,4,1
Zhongxiang,China,31.168,112.588,51.0,5,4,-1
Zhoukou,China,33.6367,114.7014,48.0,5,4,-1
Zhoushan,China,29.9856,122.2074,2.0,6,4,-2
Zhuanghe,China,39.681,122.967,0.0,4,4,0
Zhufeng,China,36.0,119.4167,63.0,5,4,-1
Zhuhai,China,22.2742,113.5719,6.0,9,10,1
Zhuji,China,29.7167,120.2333,22.0,6,4,-2
Zhumadian,China,33.014,114.022,83.0,5,4,-1
Zhuozhou,China,39.485,115.974,37.0,5,4,-1
Zhuzhou,China,27.829,113.133,46.0,7,5,-2
Zibo,China,36.8138,118.055,39.0,5,4,-1
Zigong,China,29.339,104.779,308.0,7,5,-2
Zijinglu,China,34.7667,112.9667,128.0,5,4,-1
Zouping,China,36.863,117.743,42.0,5,4,-1
Zunhua,China,40.189,117.966,53.0,4,4,0
Zunyi,China,27.722,107.031,848.0,5,4,-1
Zāhedān,Iran,29.5025,60.8558,1384.0,0,0,0
Çankaya,Turkey,39.9244,32.8856,985.0,3,4,1
Ürümqi,China,43.8225,87.6125,836.0,3,4,1
Āgra,India,27.18,78.02,183.0,6,2,-4
Āqchah,Afghanistan,36.9114,66.1858,294.0,2,0,-2
Āsansol,India,23.68,86.99,110.0,10,9,-1
İzmir,Turkey,38.42,27.14,21.0,5,4,-1
Łódź,Poland,51.7769,19.4547,212.0,2,3,1
Ōsaka,Japan,34.6939,135.5022,10.0,6,4,-2
Ōta-ku,Japan,35.5614,139.7161,22.0,5,4,-1
Şanlıurfa,Turkey,37.1583,38.7917,520.0,3,1,-2
Ţūkh,Egypt,30.3549,31.2011,20.0,8,5,-3
Ḩalwān,Egypt,29.8493,31.3327,65.0,6,2,-4
Ḩamāh,Syria,35.1503,36.73,296.0,6,4,-2
